_id,Course_ID,Location ID,Location Name,Section,Activity Title,Course Title,Days of The Week,From To,Start Hour,Start Min,End Hour,End Min,Activity URL,Min Age,Max Age,Program Category,Registration Date,Status / Information
54,129539,9,Eglinton Flats,Sports - Tennis and Table Tennis,Tennis: Instructional - Child,Tennis: Instructional,Thu,May-21-2026 to Jun-25-2026,18,0,19,0,https://anc.ca.apm.activecommunities.com/toronto/activity/search/detail/129539?onlineSiteId=0&from_original_cui=true,72,144,Sports,2026-03-03,This course has started
55,129541,9,Eglinton Flats,Sports - Tennis and Table Tennis,Tennis: Instructional - Child,Tennis: Instructional,Wed,May-20-2026 to Jun-24-2026,17,0,18,0,https://anc.ca.apm.activecommunities.com/toronto/activity/search/detail/129541?onlineSiteId=0&from_original_cui=true,72,144,Sports,2026-03-03,This course has started
56,129543,9,Eglinton Flats,Sports - Tennis and Table Tennis,Tennis: Instructional - Youth,Tennis: Instructional,Wed,May-20-2026 to Jun-24-2026,18,0,19,0,https://anc.ca.apm.activecommunities.com/toronto/activity/search/detail/129543?onlineSiteId=0&from_original_cui=true,156,216,Sports,2026-03-03,This course has started
57,129546,9,Eglinton Flats,Sports - Tennis and Table Tennis,Tennis: Instructional - Child,Tennis: Instructional,Tue,May-19-2026 to Jun-23-2026,18,0,19,0,https://anc.ca.apm.activecommunities.com/toronto/activity/search/detail/129546?onlineSiteId=0&from_original_cui=true,72,144,Sports,2026-03-03,This course has started
58,129548,9,Eglinton Flats,Sports - Tennis and Table Tennis,Tennis: Instructional - Early Child,Tennis: Instructional,Wed,May-20-2026 to Jun-24-2026,18,0,18,45,https://anc.ca.apm.activecommunities.com/toronto/activity/search/detail/129548?onlineSiteId=0&from_original_cui=true,48,60,Sports,2026-03-03,This course has started
59,129550,9,Eglinton Flats,Sports - Tennis and Table Tennis,Tennis: Instructional - Early Child,Tennis: Instructional,Thu,May-21-2026 to Jun-25-2026,17,0,17,45,https://anc.ca.apm.activecommunities.com/toronto/activity/search/detail/129550?onlineSiteId=0&from_original_cui=true,48,60,Sports,2026-03-03,This course has started
60,129552,9,Eglinton Flats,Sports - Tennis and Table Tennis,Tennis: Instructional - Early Child,Tennis: Instructional,Tue,May-19-2026 to Jun-23-2026,17,0,17,45,https://anc.ca.apm.activecommunities.com/toronto/activity/search/detail/129552?onlineSiteId=0&from_original_cui=true,48,60,Sports,2026-03-03,This course has started
61,129555,9,Eglinton Flats,Sports - Tennis and Table Tennis,Tennis: Instructional - Intermediate - Adult,Tennis: Instructional - Intermediate,Tue,May-19-2026 to Jun-23-2026,19,0,20,0,https://anc.ca.apm.activecommunities.com/toronto/activity/search/detail/129555?onlineSiteId=0&from_original_cui=true,228,None,Sports,2026-03-03,This course has started
62,129557,9,Eglinton Flats,Sports - Tennis and Table Tennis,Tennis: Instructional - Intermediate - Adult,Tennis: Instructional - Intermediate,Thu,May-21-2026 to Jun-25-2026,19,0,20,0,https://anc.ca.apm.activecommunities.com/toronto/activity/search/detail/129557?onlineSiteId=0&from_original_cui=true,228,None,Sports,2026-03-03,This course has started
63,129559,9,Eglinton Flats,Sports - Tennis and Table Tennis,Tennis: Instructional - Intermediate - Adult,Tennis: Instructional - Intermediate,Thu,May-21-2026 to Jun-25-2026,20,0,21,0,https://anc.ca.apm.activecommunities.com/toronto/activity/search/detail/129559?onlineSiteId=0&from_original_cui=true,228,None,Sports,2026-03-03,This course has started
64,129560,9,Eglinton Flats,Sports - Tennis and Table Tennis,Tennis: Instructional - Advanced - Adult,Tennis: Instructional - Advanced,Tue,May-19-2026 to Jun-23-2026,20,0,21,0,https://anc.ca.apm.activecommunities.com/toronto/activity/search/detail/129560?onlineSiteId=0&from_original_cui=true,228,None,Sports,2026-03-03,This course has started
65,129562,9,Eglinton Flats,Sports - Tennis and Table Tennis,Tennis: Instructional - Beginner - Adult,Tennis: Instructional - Beginner,Tue,May-19-2026 to Jun-23-2026,19,0,20,0,https://anc.ca.apm.activecommunities.com/toronto/activity/search/detail/129562?onlineSiteId=0&from_original_cui=true,228,None,Sports,2026-03-03,This course has started
66,129563,9,Eglinton Flats,Sports - Tennis and Table Tennis,Tennis: Instructional - Beginner - Adult,Tennis: Instructional - Beginner,Wed,May-20-2026 to Jun-24-2026,19,0,20,0,https://anc.ca.apm.activecommunities.com/toronto/activity/search/detail/129563?onlineSiteId=0&from_original_cui=true,228,None,Sports,2026-03-03,This course has started
67,129564,9,Eglinton Flats,Sports - Tennis and Table Tennis,Tennis: Instructional - Beginner - Adult,Tennis: Instructional - Beginner,Thu,May-21-2026 to Jun-25-2026,19,0,20,0,https://anc.ca.apm.activecommunities.com/toronto/activity/search/detail/129564?onlineSiteId=0&from_original_cui=true,228,None,Sports,2026-03-03,This course has started
68,129565,9,Eglinton Flats,Sports - Tennis and Table Tennis,Tennis: Instructional - Beginner - Adult,Tennis: Instructional - Beginner,Tue,May-19-2026 to Jun-23-2026,20,0,21,0,https://anc.ca.apm.activecommunities.com/toronto/activity/search/detail/129565?onlineSiteId=0&from_original_cui=true,228,None,Sports,2026-03-03,This course has started
69,129566,9,Eglinton Flats,Sports - Tennis and Table Tennis,Tennis: Instructional - Beginner - Adult,Tennis: Instructional - Beginner,Wed,May-20-2026 to Jun-24-2026,20,0,21,0,https://anc.ca.apm.activecommunities.com/toronto/activity/search/detail/129566?onlineSiteId=0&from_original_cui=true,228,None,Sports,2026-03-03,This course has started
70,129567,9,Eglinton Flats,Sports - Tennis and Table Tennis,Tennis: Instructional - Beginner - Adult,Tennis: Instructional - Beginner,Thu,May-21-2026 to Jun-25-2026,20,0,21,0,https://anc.ca.apm.activecommunities.com/toronto/activity/search/detail/129567?onlineSiteId=0&from_original_cui=true,228,None,Sports,2026-03-03,This course has started
71,160242,9,Eglinton Flats,Sports - Tennis and Table Tennis,Tennis: Instructional - Child,Tennis: Instructional,Thu,Aug-20-2026 to Sep-24-2026,18,0,19,0,https://anc.ca.apm.activecommunities.com/toronto/activity/search/detail/160242?onlineSiteId=0&from_original_cui=true,72,144,Sports,2026-06-02,This course is not presently available for Internet Registration.
72,160243,9,Eglinton Flats,Sports - Tennis and Table Tennis,Tennis: Instructional - Child,Tennis: Instructional,Wed,Aug-19-2026 to Sep-23-2026,17,0,18,0,https://anc.ca.apm.activecommunities.com/toronto/activity/search/detail/160243?onlineSiteId=0&from_original_cui=true,72,144,Sports,2026-06-02,This course is not presently available for Internet Registration.
73,160244,9,Eglinton Flats,Sports - Tennis and Table Tennis,Tennis: Instructional - Youth,Tennis: Instructional,Wed,Aug-19-2026 to Sep-23-2026,18,0,19,0,https://anc.ca.apm.activecommunities.com/toronto/activity/search/detail/160244?onlineSiteId=0&from_original_cui=true,156,216,Sports,2026-06-02,This course is not presently available for Internet Registration.
74,160245,9,Eglinton Flats,Sports - Tennis and Table Tennis,Tennis: Instructional - Child,Tennis: Instructional,Tue,Aug-18-2026 to Sep-22-2026,18,0,19,0,https://anc.ca.apm.activecommunities.com/toronto/activity/search/detail/160245?onlineSiteId=0&from_original_cui=true,72,144,Sports,2026-06-02,This course is not presently available for Internet Registration.
75,160246,9,Eglinton Flats,Sports - Tennis and Table Tennis,Tennis: Instructional - Early Child,Tennis: Instructional,Wed,Aug-19-2026 to Sep-23-2026,18,0,18,45,https://anc.ca.apm.activecommunities.com/toronto/activity/search/detail/160246?onlineSiteId=0&from_original_cui=true,48,60,Sports,2026-06-02,This course is not presently available for Internet Registration.
76,160247,9,Eglinton Flats,Sports - Tennis and Table Tennis,Tennis: Instructional - Early Child,Tennis: Instructional,Thu,Aug-20-2026 to Sep-24-2026,17,0,17,45,https://anc.ca.apm.activecommunities.com/toronto/activity/search/detail/160247?onlineSiteId=0&from_original_cui=true,48,60,Sports,2026-06-02,This course is not presently available for Internet Registration.
77,160248,9,Eglinton Flats,Sports - Tennis and Table Tennis,Tennis: Instructional - Early Child,Tennis: Instructional,Tue,Aug-18-2026 to Sep-22-2026,17,0,17,45,https://anc.ca.apm.activecommunities.com/toronto/activity/search/detail/160248?onlineSiteId=0&from_original_cui=true,48,60,Sports,2026-06-02,This course is not presently available for Internet Registration.
78,160249,9,Eglinton Flats,Sports - Tennis and Table Tennis,Tennis: Instructional - Advanced - Adult,Tennis: Instructional - Advanced,Tue,Aug-18-2026 to Sep-22-2026,20,0,21,0,https://anc.ca.apm.activecommunities.com/toronto/activity/search/detail/160249?onlineSiteId=0&from_original_cui=true,228,None,Sports,2026-06-02,This course is not presently available for Internet Registration.
79,160250,9,Eglinton Flats,Sports - Tennis and Table Tennis,Tennis: Instructional - Beginner - Adult,Tennis: Instructional - Beginner,Tue,Aug-18-2026 to Sep-22-2026,19,0,20,0,https://anc.ca.apm.activecommunities.com/toronto/activity/search/detail/160250?onlineSiteId=0&from_original_cui=true,228,None,Sports,2026-06-02,This course is not presently available for Internet Registration.
80,160251,9,Eglinton Flats,Sports - Tennis and Table Tennis,Tennis: Instructional - Beginner - Adult,Tennis: Instructional - Beginner,Wed,Aug-19-2026 to Sep-23-2026,19,0,20,0,https://anc.ca.apm.activecommunities.com/toronto/activity/search/detail/160251?onlineSiteId=0&from_original_cui=true,228,None,Sports,2026-06-02,This course is not presently available for Internet Registration.
81,160252,9,Eglinton Flats,Sports - Tennis and Table Tennis,Tennis: Instructional - Beginner - Adult,Tennis: Instructional - Beginner,Thu,Aug-20-2026 to Sep-24-2026,19,0,20,0,https://anc.ca.apm.activecommunities.com/toronto/activity/search/detail/160252?onlineSiteId=0&from_original_cui=true,228,None,Sports,2026-06-02,This course is not presently available for Internet Registration.
82,160253,9,Eglinton Flats,Sports - Tennis and Table Tennis,Tennis: Instructional - Intermediate - Adult,Tennis: Instructional - Intermediate,Tue,Aug-18-2026 to Sep-22-2026,19,0,20,0,https://anc.ca.apm.activecommunities.com/toronto/activity/search/detail/160253?onlineSiteId=0&from_original_cui=true,228,None,Sports,2026-06-02,This course is not presently available for Internet Registration.
83,160254,9,Eglinton Flats,Sports - Tennis and Table Tennis,Tennis: Instructional - Intermediate - Adult,Tennis: Instructional - Intermediate,Thu,Aug-20-2026 to Sep-24-2026,20,0,21,0,https://anc.ca.apm.activecommunities.com/toronto/activity/search/detail/160254?onlineSiteId=0&from_original_cui=true,228,None,Sports,2026-06-02,This course is not presently available for Internet Registration.
84,160255,9,Eglinton Flats,Sports - Tennis and Table Tennis,Tennis: Instructional - Intermediate - Adult,Tennis: Instructional - Intermediate,Thu,Aug-20-2026 to Sep-24-2026,19,0,20,0,https://anc.ca.apm.activecommunities.com/toronto/activity/search/detail/160255?onlineSiteId=0&from_original_cui=true,228,None,Sports,2026-06-02,This course is not presently available for Internet Registration.
85,160257,9,Eglinton Flats,Sports - Tennis and Table Tennis,Tennis: Instructional - Beginner - Adult,Tennis: Instructional - Beginner,Thu,Aug-20-2026 to Sep-24-2026,20,0,21,0,https://anc.ca.apm.activecommunities.com/toronto/activity/search/detail/160257?onlineSiteId=0&from_original_cui=true,228,None,Sports,2026-06-02,This course is not presently available for Internet Registration.
86,160258,9,Eglinton Flats,Sports - Tennis and Table Tennis,Tennis: Instructional - Beginner - Adult,Tennis: Instructional - Beginner,Wed,Aug-19-2026 to Sep-23-2026,20,0,21,0,https://anc.ca.apm.activecommunities.com/toronto/activity/search/detail/160258?onlineSiteId=0&from_original_cui=true,228,None,Sports,2026-06-02,This course is not presently available for Internet Registration.
87,160260,9,Eglinton Flats,Sports - Tennis and Table Tennis,Tennis: Instructional - Beginner - Adult,Tennis: Instructional - Beginner,Tue,Aug-18-2026 to Sep-22-2026,20,0,21,0,https://anc.ca.apm.activecommunities.com/toronto/activity/search/detail/160260?onlineSiteId=0&from_original_cui=true,228,None,Sports,2026-06-02,This course is not presently available for Internet Registration.
88,160263,9,Eglinton Flats,Sports - Tennis and Table Tennis,Tennis: Instructional - Child,Tennis: Instructional,"Mon,Tue,Wed,Thu,Fri",Jul-06-2026 to Jul-10-2026,9,0,12,0,https://anc.ca.apm.activecommunities.com/toronto/activity/search/detail/160263?onlineSiteId=0&from_original_cui=true,72,144,Sports,2026-06-02,This course is not presently available for Internet Registration.
89,160266,9,Eglinton Flats,Sports - Tennis and Table Tennis,Tennis: Instructional - Child,Tennis: Instructional,"Mon,Tue,Wed,Thu,Fri",Jul-13-2026 to Jul-17-2026,9,0,12,0,https://anc.ca.apm.activecommunities.com/toronto/activity/search/detail/160266?onlineSiteId=0&from_original_cui=true,72,144,Sports,2026-06-02,This course is not presently available for Internet Registration.
90,160268,9,Eglinton Flats,Sports - Tennis and Table Tennis,Tennis: Instructional - Child,Tennis: Instructional,"Mon,Tue,Wed,Thu,Fri",Jul-20-2026 to Jul-24-2026,9,0,12,0,https://anc.ca.apm.activecommunities.com/toronto/activity/search/detail/160268?onlineSiteId=0&from_original_cui=true,72,144,Sports,2026-06-02,This course is not presently available for Internet Registration.
91,160269,9,Eglinton Flats,Sports - Tennis and Table Tennis,Tennis: Instructional - Child,Tennis: Instructional,"Mon,Tue,Wed,Thu,Fri",Jul-27-2026 to Jul-31-2026,9,0,12,0,https://anc.ca.apm.activecommunities.com/toronto/activity/search/detail/160269?onlineSiteId=0&from_original_cui=true,72,144,Sports,2026-06-02,This course is not presently available for Internet Registration.
92,160270,9,Eglinton Flats,Sports - Tennis and Table Tennis,Tennis: Instructional - Child,Tennis: Instructional,"Tue,Wed,Thu,Fri",Aug-04-2026 to Aug-07-2026,9,0,12,0,https://anc.ca.apm.activecommunities.com/toronto/activity/search/detail/160270?onlineSiteId=0&from_original_cui=true,72,144,Sports,2026-06-02,This course is not presently available for Internet Registration.
93,160271,9,Eglinton Flats,Sports - Tennis and Table Tennis,Tennis: Instructional - Child,Tennis: Instructional,"Mon,Tue,Wed,Thu,Fri",Aug-10-2026 to Aug-14-2026,9,0,12,0,https://anc.ca.apm.activecommunities.com/toronto/activity/search/detail/160271?onlineSiteId=0&from_original_cui=true,72,144,Sports,2026-06-02,This course is not presently available for Internet Registration.
94,160272,9,Eglinton Flats,Sports - Tennis and Table Tennis,Tennis: Instructional - Child,Tennis: Instructional,"Mon,Tue,Wed,Thu,Fri",Aug-17-2026 to Aug-21-2026,9,0,12,0,https://anc.ca.apm.activecommunities.com/toronto/activity/search/detail/160272?onlineSiteId=0&from_original_cui=true,72,144,Sports,2026-06-02,This course is not presently available for Internet Registration.
95,160273,9,Eglinton Flats,Sports - Tennis and Table Tennis,Tennis: Instructional - Child,Tennis: Instructional,"Mon,Tue,Wed,Thu,Fri",Aug-24-2026 to Aug-28-2026,9,0,12,0,https://anc.ca.apm.activecommunities.com/toronto/activity/search/detail/160273?onlineSiteId=0&from_original_cui=true,72,144,Sports,2026-06-02,This course is not presently available for Internet Registration.
96,160277,9,Eglinton Flats,Sports - Tennis and Table Tennis,Tennis: Instructional - Beginner - Adult,Tennis: Instructional - Beginner,Mon,Jul-06-2026 to Aug-17-2026,10,0,11,0,https://anc.ca.apm.activecommunities.com/toronto/activity/search/detail/160277?onlineSiteId=0&from_original_cui=true,228,None,Sports,2026-06-02,This course is not presently available for Internet Registration.
97,160278,9,Eglinton Flats,Sports - Tennis and Table Tennis,Tennis: Instructional - Beginner - Adult,Tennis: Instructional - Beginner,Mon,Jul-06-2026 to Aug-17-2026,12,0,13,0,https://anc.ca.apm.activecommunities.com/toronto/activity/search/detail/160278?onlineSiteId=0&from_original_cui=true,228,None,Sports,2026-06-02,This course is not presently available for Internet Registration.
98,160280,9,Eglinton Flats,Sports - Tennis and Table Tennis,Tennis: Instructional - Beginner - Adult,Tennis: Instructional - Beginner,Tue,Jul-07-2026 to Aug-11-2026,10,0,11,0,https://anc.ca.apm.activecommunities.com/toronto/activity/search/detail/160280?onlineSiteId=0&from_original_cui=true,228,None,Sports,2026-06-02,This course is not presently available for Internet Registration.
99,160281,9,Eglinton Flats,Sports - Tennis and Table Tennis,Tennis: Instructional - Beginner - Adult,Tennis: Instructional - Beginner,Wed,Jul-08-2026 to Aug-12-2026,10,0,11,0,https://anc.ca.apm.activecommunities.com/toronto/activity/search/detail/160281?onlineSiteId=0&from_original_cui=true,228,None,Sports,2026-06-02,This course is not presently available for Internet Registration.
100,160282,9,Eglinton Flats,Sports - Tennis and Table Tennis,Tennis: Instructional - Beginner - Adult,Tennis: Instructional - Beginner,Wed,Jul-08-2026 to Aug-12-2026,12,0,13,0,https://anc.ca.apm.activecommunities.com/toronto/activity/search/detail/160282?onlineSiteId=0&from_original_cui=true,228,None,Sports,2026-06-02,This course is not presently available for Internet Registration.
101,160284,9,Eglinton Flats,Sports - Tennis and Table Tennis,Tennis: Instructional - Beginner - Adult,Tennis: Instructional - Beginner,Thu,Jul-09-2026 to Aug-13-2026,10,0,11,0,https://anc.ca.apm.activecommunities.com/toronto/activity/search/detail/160284?onlineSiteId=0&from_original_cui=true,228,None,Sports,2026-06-02,This course is not presently available for Internet Registration.
102,160285,9,Eglinton Flats,Sports - Tennis and Table Tennis,Tennis: Instructional - Beginner - Adult,Tennis: Instructional - Beginner,Fri,Jul-10-2026 to Aug-14-2026,10,0,11,0,https://anc.ca.apm.activecommunities.com/toronto/activity/search/detail/160285?onlineSiteId=0&from_original_cui=true,228,None,Sports,2026-06-02,This course is not presently available for Internet Registration.
103,160286,9,Eglinton Flats,Sports - Tennis and Table Tennis,Tennis: Instructional - Beginner - Adult,Tennis: Instructional - Beginner,Fri,Jul-10-2026 to Aug-14-2026,12,0,13,0,https://anc.ca.apm.activecommunities.com/toronto/activity/search/detail/160286?onlineSiteId=0&from_original_cui=true,228,None,Sports,2026-06-02,This course is not presently available for Internet Registration.
104,160287,9,Eglinton Flats,Sports - Tennis and Table Tennis,Tennis: Instructional - Intermediate - Adult,Tennis: Instructional - Intermediate,Mon,Jul-06-2026 to Aug-17-2026,11,0,12,0,https://anc.ca.apm.activecommunities.com/toronto/activity/search/detail/160287?onlineSiteId=0&from_original_cui=true,228,None,Sports,2026-06-02,This course is not presently available for Internet Registration.
105,160289,9,Eglinton Flats,Sports - Tennis and Table Tennis,Tennis: Instructional - Intermediate - Adult,Tennis: Instructional - Intermediate,Tue,Jul-07-2026 to Aug-11-2026,11,0,12,0,https://anc.ca.apm.activecommunities.com/toronto/activity/search/detail/160289?onlineSiteId=0&from_original_cui=true,228,None,Sports,2026-06-02,This course is not presently available for Internet Registration.
106,160290,9,Eglinton Flats,Sports - Tennis and Table Tennis,Tennis: Instructional - Intermediate - Adult,Tennis: Instructional - Intermediate,Wed,Jul-08-2026 to Aug-12-2026,11,0,12,0,https://anc.ca.apm.activecommunities.com/toronto/activity/search/detail/160290?onlineSiteId=0&from_original_cui=true,228,None,Sports,2026-06-02,This course is not presently available for Internet Registration.
107,160292,9,Eglinton Flats,Sports - Tennis and Table Tennis,Tennis: Instructional - Intermediate - Adult,Tennis: Instructional - Intermediate,Thu,Jul-09-2026 to Aug-13-2026,11,0,12,0,https://anc.ca.apm.activecommunities.com/toronto/activity/search/detail/160292?onlineSiteId=0&from_original_cui=true,228,None,Sports,2026-06-02,This course is not presently available for Internet Registration.
108,160293,9,Eglinton Flats,Sports - Tennis and Table Tennis,Tennis: Instructional - Intermediate - Adult,Tennis: Instructional - Intermediate,Fri,Jul-10-2026 to Aug-14-2026,11,0,12,0,https://anc.ca.apm.activecommunities.com/toronto/activity/search/detail/160293?onlineSiteId=0&from_original_cui=true,228,None,Sports,2026-06-02,This course is not presently available for Internet Registration.
109,160294,9,Eglinton Flats,Sports - Tennis and Table Tennis,Tennis: Instructional - Advanced - Adult,Tennis: Instructional - Advanced,Mon,Jul-06-2026 to Aug-17-2026,9,0,10,0,https://anc.ca.apm.activecommunities.com/toronto/activity/search/detail/160294?onlineSiteId=0&from_original_cui=true,228,None,Sports,2026-06-02,This course is not presently available for Internet Registration.
110,160295,9,Eglinton Flats,Sports - Tennis and Table Tennis,Tennis: Instructional - Advanced - Adult,Tennis: Instructional - Advanced,Tue,Jul-07-2026 to Aug-11-2026,12,0,13,0,https://anc.ca.apm.activecommunities.com/toronto/activity/search/detail/160295?onlineSiteId=0&from_original_cui=true,228,None,Sports,2026-06-02,This course is not presently available for Internet Registration.
111,160296,9,Eglinton Flats,Sports - Tennis and Table Tennis,Tennis: Instructional - Advanced - Adult,Tennis: Instructional - Advanced,Wed,Jul-08-2026 to Aug-12-2026,9,0,10,0,https://anc.ca.apm.activecommunities.com/toronto/activity/search/detail/160296?onlineSiteId=0&from_original_cui=true,228,None,Sports,2026-06-02,This course is not presently available for Internet Registration.
112,160298,9,Eglinton Flats,Sports - Tennis and Table Tennis,Tennis: Instructional - Advanced - Adult,Tennis: Instructional - Advanced,Thu,Jul-09-2026 to Aug-13-2026,12,0,13,0,https://anc.ca.apm.activecommunities.com/toronto/activity/search/detail/160298?onlineSiteId=0&from_original_cui=true,228,None,Sports,2026-06-02,This course is not presently available for Internet Registration.
113,160299,9,Eglinton Flats,Sports - Tennis and Table Tennis,Tennis: Instructional - Advanced - Adult,Tennis: Instructional - Advanced,Fri,Jul-10-2026 to Aug-14-2026,9,0,10,0,https://anc.ca.apm.activecommunities.com/toronto/activity/search/detail/160299?onlineSiteId=0&from_original_cui=true,228,None,Sports,2026-06-02,This course is not presently available for Internet Registration.
114,160300,9,Eglinton Flats,Sports - Tennis and Table Tennis,Tennis: Instructional - Early Child,Tennis: Instructional,Tue,Jul-07-2026 to Aug-11-2026,9,0,9,45,https://anc.ca.apm.activecommunities.com/toronto/activity/search/detail/160300?onlineSiteId=0&from_original_cui=true,48,60,Sports,2026-06-02,This course is not presently available for Internet Registration.
115,160301,9,Eglinton Flats,Sports - Tennis and Table Tennis,Tennis: Instructional - Early Child,Tennis: Instructional,Thu,Jul-09-2026 to Aug-13-2026,9,0,9,45,https://anc.ca.apm.activecommunities.com/toronto/activity/search/detail/160301?onlineSiteId=0&from_original_cui=true,48,60,Sports,2026-06-02,This course is not presently available for Internet Registration.
746,129029,27,Bedford Park Community Centre,Sports - Tennis and Table Tennis,Tennis: Instructional with Caregiver - Early Child,Tennis: Instructional with Caregiver,Fri,Apr-10-2026 to Jun-05-2026,18,0,18,30,https://anc.ca.apm.activecommunities.com/toronto/activity/search/detail/129029?onlineSiteId=0&from_original_cui=true,48,60,Sports,2026-03-04,This course has started
747,129031,27,Bedford Park Community Centre,Sports - Tennis and Table Tennis,Tennis: Instructional - Child,Tennis: Instructional,Fri,Apr-10-2026 to Jun-05-2026,18,30,19,30,https://anc.ca.apm.activecommunities.com/toronto/activity/search/detail/129031?onlineSiteId=0&from_original_cui=true,72,144,Sports,2026-03-04,This course has started
748,129034,27,Bedford Park Community Centre,Sports - Tennis and Table Tennis,Tennis - Private - All Ages,Tennis - Private,Fri,Apr-10-2026 to Jun-05-2026,19,45,20,15,https://anc.ca.apm.activecommunities.com/toronto/activity/search/detail/129034?onlineSiteId=0&from_original_cui=true,72,None,Sports,2026-03-04,This course has started
749,129036,27,Bedford Park Community Centre,Sports - Tennis and Table Tennis,Tennis - Private - All Ages,Tennis - Private,Fri,Apr-10-2026 to Jun-05-2026,20,15,20,45,https://anc.ca.apm.activecommunities.com/toronto/activity/search/detail/129036?onlineSiteId=0&from_original_cui=true,72,None,Sports,2026-03-04,This course has started
750,129037,27,Bedford Park Community Centre,Sports - Tennis and Table Tennis,Tennis - Private - All Ages,Tennis - Private,Fri,Apr-10-2026 to Jun-05-2026,20,45,21,15,https://anc.ca.apm.activecommunities.com/toronto/activity/search/detail/129037?onlineSiteId=0&from_original_cui=true,72,None,Sports,2026-03-04,This course has started
751,129040,27,Bedford Park Community Centre,Sports - Tennis and Table Tennis,Tennis - Private - All Ages,Tennis - Private,Fri,Apr-10-2026 to Jun-05-2026,21,15,21,45,https://anc.ca.apm.activecommunities.com/toronto/activity/search/detail/129040?onlineSiteId=0&from_original_cui=true,72,None,Sports,2026-03-04,This course has started
878,141188,33,Brown Community Centre,Sports - Tennis and Table Tennis,Tennis: Instructional - Adult,Tennis: Instructional,Tue,Mar-31-2026 to May-26-2026,17,0,18,0,https://anc.ca.apm.activecommunities.com/toronto/activity/search/detail/141188?onlineSiteId=0&from_original_cui=true,228,None,Sports,2026-03-03,This course has started
879,141193,33,Brown Community Centre,Sports - Tennis and Table Tennis,Tennis: Instructional - Adult,Tennis: Instructional,Tue,Mar-31-2026 to May-26-2026,18,0,19,0,https://anc.ca.apm.activecommunities.com/toronto/activity/search/detail/141193?onlineSiteId=0&from_original_cui=true,228,None,Sports,2026-03-03,This course has started
880,141207,33,Brown Community Centre,Sports - Tennis and Table Tennis,Tennis: Instructional - Intermediate - Adult,Tennis: Instructional - Intermediate,Mon,Mar-30-2026 to Jun-01-2026,19,15,20,15,https://anc.ca.apm.activecommunities.com/toronto/activity/search/detail/141207?onlineSiteId=0&from_original_cui=true,228,None,Sports,2026-03-03,This course has started
882,146712,33,Brown Community Centre,Sports - Tennis and Table Tennis,Tennis: Instructional - Intermediate - Adult,Tennis: Instructional - Intermediate,Mon,Mar-30-2026 to Jun-01-2026,18,0,19,0,https://anc.ca.apm.activecommunities.com/toronto/activity/search/detail/146712?onlineSiteId=0&from_original_cui=true,228,None,Sports,2026-03-03,This course has started
2587,129065,96,Maurice Cody Community Centre,Sports - Tennis and Table Tennis,Tennis: Instructional with Caregiver - Early Child,Tennis: Instructional with Caregiver,Mon,Mar-30-2026 to Jun-08-2026,18,0,18,30,https://anc.ca.apm.activecommunities.com/toronto/activity/search/detail/129065?onlineSiteId=0&from_original_cui=true,48,60,Sports,2026-03-04,This course has started
2588,129068,96,Maurice Cody Community Centre,Sports - Tennis and Table Tennis,Tennis: Instructional - Child,Tennis: Instructional,Mon,Mar-30-2026 to Jun-08-2026,18,30,19,30,https://anc.ca.apm.activecommunities.com/toronto/activity/search/detail/129068?onlineSiteId=0&from_original_cui=true,72,144,Sports,2026-03-04,This course has started
2589,129071,96,Maurice Cody Community Centre,Sports - Tennis and Table Tennis,Tennis - Private - All Ages,Tennis - Private,Mon,Mar-30-2026 to Jun-08-2026,19,45,20,15,https://anc.ca.apm.activecommunities.com/toronto/activity/search/detail/129071?onlineSiteId=0&from_original_cui=true,72,None,Sports,2026-03-04,This course has started
2590,129072,96,Maurice Cody Community Centre,Sports - Tennis and Table Tennis,Tennis - Private - All Ages,Tennis - Private,Mon,Mar-30-2026 to Jun-08-2026,19,45,20,15,https://anc.ca.apm.activecommunities.com/toronto/activity/search/detail/129072?onlineSiteId=0&from_original_cui=true,72,None,Sports,2026-03-04,This course has started
2591,129073,96,Maurice Cody Community Centre,Sports - Tennis and Table Tennis,Tennis - Private - All Ages,Tennis - Private,Mon,Mar-30-2026 to Jun-08-2026,20,15,20,45,https://anc.ca.apm.activecommunities.com/toronto/activity/search/detail/129073?onlineSiteId=0&from_original_cui=true,72,None,Sports,2026-03-04,This course has started
2592,129106,96,Maurice Cody Community Centre,Sports - Tennis and Table Tennis,Tennis - Private - All Ages,Tennis - Private,Mon,Mar-30-2026 to Jun-08-2026,20,15,20,45,https://anc.ca.apm.activecommunities.com/toronto/activity/search/detail/129106?onlineSiteId=0&from_original_cui=true,72,None,Sports,2026-03-04,This course has started
2593,129120,96,Maurice Cody Community Centre,Sports - Tennis and Table Tennis,Tennis - Private - All Ages,Tennis - Private,Mon,Mar-30-2026 to Jun-08-2026,20,45,21,15,https://anc.ca.apm.activecommunities.com/toronto/activity/search/detail/129120?onlineSiteId=0&from_original_cui=true,72,None,Sports,2026-03-04,This course has started
2594,129122,96,Maurice Cody Community Centre,Sports - Tennis and Table Tennis,Tennis - Private - All Ages,Tennis - Private,Mon,Mar-30-2026 to Jun-08-2026,20,45,21,15,https://anc.ca.apm.activecommunities.com/toronto/activity/search/detail/129122?onlineSiteId=0&from_original_cui=true,72,None,Sports,2026-03-04,This course has started
2595,129125,96,Maurice Cody Community Centre,Sports - Tennis and Table Tennis,Tennis - Private - All Ages,Tennis - Private,Mon,Mar-30-2026 to Jun-08-2026,21,15,21,45,https://anc.ca.apm.activecommunities.com/toronto/activity/search/detail/129125?onlineSiteId=0&from_original_cui=true,72,None,Sports,2026-03-04,This course has started
2596,129126,96,Maurice Cody Community Centre,Sports - Tennis and Table Tennis,Tennis - Private - All Ages,Tennis - Private,Mon,Mar-30-2026 to Jun-08-2026,21,15,21,45,https://anc.ca.apm.activecommunities.com/toronto/activity/search/detail/129126?onlineSiteId=0&from_original_cui=true,72,None,Sports,2026-03-04,This course has started
2928,160080,127,Fairmount Park,Sports - Tennis and Table Tennis,Tennis: Instructional - Child,Tennis: Instructional,Mon,Jun-29-2026 to Aug-31-2026,18,0,18,45,https://anc.ca.apm.activecommunities.com/toronto/activity/search/detail/160080?onlineSiteId=0&from_original_cui=true,108,144,Sports,2026-06-02,This course is not presently available for Internet Registration.
2929,160085,127,Fairmount Park,Sports - Tennis and Table Tennis,Tennis: Instructional - Child,Tennis: Instructional,Mon,Jun-29-2026 to Aug-31-2026,17,0,17,45,https://anc.ca.apm.activecommunities.com/toronto/activity/search/detail/160085?onlineSiteId=0&from_original_cui=true,72,96,Sports,2026-06-02,This course is not presently available for Internet Registration.
2930,160095,127,Fairmount Park,Sports - Tennis and Table Tennis,Tennis: Instructional - Child,Tennis: Instructional,Wed,Jul-08-2026 to Sep-02-2026,17,0,17,45,https://anc.ca.apm.activecommunities.com/toronto/activity/search/detail/160095?onlineSiteId=0&from_original_cui=true,72,96,Sports,2026-06-02,This course is not presently available for Internet Registration.
2931,160101,127,Fairmount Park,Sports - Tennis and Table Tennis,Tennis: Instructional - Child,Tennis: Instructional,Wed,Jul-08-2026 to Sep-02-2026,18,0,18,45,https://anc.ca.apm.activecommunities.com/toronto/activity/search/detail/160101?onlineSiteId=0&from_original_cui=true,108,144,Sports,2026-06-02,This course is not presently available for Internet Registration.
2972,168125,155,Jimmie Simpson Park,Sports - Tennis and Table Tennis,Philpott Tennis - Child,Philpott Tennis,"Mon,Tue,Wed,Thu,Fri",Jun-29-2026 to Jul-10-2026,9,0,10,0,https://anc.ca.apm.activecommunities.com/toronto/activity/search/detail/168125?onlineSiteId=0&from_original_cui=true,72,84,Sports,2026-05-26,This course is not presently available for Internet Registration.
2973,168128,155,Jimmie Simpson Park,Sports - Tennis and Table Tennis,Philpott Tennis - Child,Philpott Tennis,"Mon,Tue,Wed,Thu,Fri",Jun-29-2026 to Jul-10-2026,10,0,11,0,https://anc.ca.apm.activecommunities.com/toronto/activity/search/detail/168128?onlineSiteId=0&from_original_cui=true,96,108,Sports,2026-05-26,This course is not presently available for Internet Registration.
2974,168131,155,Jimmie Simpson Park,Sports - Tennis and Table Tennis,Philpott Tennis - Youth,Philpott Tennis,"Mon,Tue,Wed,Thu,Fri",Jun-29-2026 to Jul-10-2026,12,0,13,0,https://anc.ca.apm.activecommunities.com/toronto/activity/search/detail/168131?onlineSiteId=0&from_original_cui=true,156,180,Sports,2026-05-26,This course is not presently available for Internet Registration.
2975,168133,155,Jimmie Simpson Park,Sports - Tennis and Table Tennis,Philpott Tennis - Child,Philpott Tennis,"Mon,Tue,Wed,Thu,Fri",Jun-29-2026 to Jul-10-2026,11,0,12,0,https://anc.ca.apm.activecommunities.com/toronto/activity/search/detail/168133?onlineSiteId=0&from_original_cui=true,120,144,Sports,2026-05-26,This course is not presently available for Internet Registration.
2976,168135,155,Jimmie Simpson Park,Sports - Tennis and Table Tennis,Philpott Tennis - Child,Philpott Tennis,"Mon,Tue,Wed,Thu,Fri",Jul-13-2026 to Jul-24-2026,9,0,10,0,https://anc.ca.apm.activecommunities.com/toronto/activity/search/detail/168135?onlineSiteId=0&from_original_cui=true,72,84,Sports,2026-05-26,This course is not presently available for Internet Registration.
2977,168136,155,Jimmie Simpson Park,Sports - Tennis and Table Tennis,Philpott Tennis - Child,Philpott Tennis,"Mon,Tue,Wed,Thu,Fri",Jul-27-2026 to Aug-07-2026,9,0,10,0,https://anc.ca.apm.activecommunities.com/toronto/activity/search/detail/168136?onlineSiteId=0&from_original_cui=true,72,84,Sports,2026-05-26,This course is not presently available for Internet Registration.
2978,168137,155,Jimmie Simpson Park,Sports - Tennis and Table Tennis,Philpott Tennis - Child,Philpott Tennis,"Mon,Tue,Wed,Thu,Fri",Aug-10-2026 to Aug-21-2026,9,0,10,0,https://anc.ca.apm.activecommunities.com/toronto/activity/search/detail/168137?onlineSiteId=0&from_original_cui=true,72,84,Sports,2026-05-26,This course is not presently available for Internet Registration.
2979,168139,155,Jimmie Simpson Park,Sports - Tennis and Table Tennis,Philpott Tennis - Child,Philpott Tennis,"Mon,Tue,Wed,Thu,Fri",Jul-13-2026 to Jul-24-2026,10,0,11,0,https://anc.ca.apm.activecommunities.com/toronto/activity/search/detail/168139?onlineSiteId=0&from_original_cui=true,96,108,Sports,2026-05-26,This course is not presently available for Internet Registration.
2980,168141,155,Jimmie Simpson Park,Sports - Tennis and Table Tennis,Philpott Tennis - Child,Philpott Tennis,"Mon,Tue,Wed,Thu,Fri",Jul-27-2026 to Aug-07-2026,10,0,11,0,https://anc.ca.apm.activecommunities.com/toronto/activity/search/detail/168141?onlineSiteId=0&from_original_cui=true,96,108,Sports,2026-05-26,This course is not presently available for Internet Registration.
2981,168142,155,Jimmie Simpson Park,Sports - Tennis and Table Tennis,Philpott Tennis - Child,Philpott Tennis,"Mon,Tue,Wed,Thu,Fri",Aug-10-2026 to Aug-21-2026,10,0,11,0,https://anc.ca.apm.activecommunities.com/toronto/activity/search/detail/168142?onlineSiteId=0&from_original_cui=true,96,108,Sports,2026-05-26,This course is not presently available for Internet Registration.
2982,168143,155,Jimmie Simpson Park,Sports - Tennis and Table Tennis,Philpott Tennis - Child,Philpott Tennis,"Mon,Tue,Wed,Thu,Fri",Jul-13-2026 to Jul-24-2026,11,0,12,0,https://anc.ca.apm.activecommunities.com/toronto/activity/search/detail/168143?onlineSiteId=0&from_original_cui=true,120,144,Sports,2026-05-26,This course is not presently available for Internet Registration.
2983,168144,155,Jimmie Simpson Park,Sports - Tennis and Table Tennis,Philpott Tennis - Child,Philpott Tennis,"Mon,Tue,Wed,Thu,Fri",Jul-27-2026 to Aug-07-2026,11,0,12,0,https://anc.ca.apm.activecommunities.com/toronto/activity/search/detail/168144?onlineSiteId=0&from_original_cui=true,120,144,Sports,2026-05-26,This course is not presently available for Internet Registration.
2984,168146,155,Jimmie Simpson Park,Sports - Tennis and Table Tennis,Philpott Tennis - Child,Philpott Tennis,"Mon,Tue,Wed,Thu,Fri",Aug-10-2026 to Aug-21-2026,11,0,12,0,https://anc.ca.apm.activecommunities.com/toronto/activity/search/detail/168146?onlineSiteId=0&from_original_cui=true,120,144,Sports,2026-05-26,This course is not presently available for Internet Registration.
2985,168147,155,Jimmie Simpson Park,Sports - Tennis and Table Tennis,Philpott Tennis - Youth,Philpott Tennis,"Mon,Tue,Wed,Thu,Fri",Jul-13-2026 to Jul-24-2026,12,0,13,0,https://anc.ca.apm.activecommunities.com/toronto/activity/search/detail/168147?onlineSiteId=0&from_original_cui=true,156,180,Sports,2026-05-26,This course is not presently available for Internet Registration.
2986,168148,155,Jimmie Simpson Park,Sports - Tennis and Table Tennis,Philpott Tennis - Youth,Philpott Tennis,"Mon,Tue,Wed,Thu,Fri",Jul-27-2026 to Aug-07-2026,12,0,13,0,https://anc.ca.apm.activecommunities.com/toronto/activity/search/detail/168148?onlineSiteId=0&from_original_cui=true,156,180,Sports,2026-05-26,This course is not presently available for Internet Registration.
2987,168149,155,Jimmie Simpson Park,Sports - Tennis and Table Tennis,Philpott Tennis - Youth,Philpott Tennis,"Mon,Tue,Wed,Thu,Fri",Aug-10-2026 to Aug-21-2026,12,0,13,0,https://anc.ca.apm.activecommunities.com/toronto/activity/search/detail/168149?onlineSiteId=0&from_original_cui=true,156,180,Sports,2026-05-26,This course is not presently available for Internet Registration.
3725,168105,220,Coleman Park,Sports - Tennis and Table Tennis,Philpott Tennis - Child,Philpott Tennis,"Mon,Tue,Wed,Thu,Fri",Jun-29-2026 to Jul-10-2026,9,0,10,0,https://anc.ca.apm.activecommunities.com/toronto/activity/search/detail/168105?onlineSiteId=0&from_original_cui=true,72,84,Sports,None,This course is not presently available for Internet Registration.
3726,168107,220,Coleman Park,Sports - Tennis and Table Tennis,Philpott Tennis - Child,Philpott Tennis,"Mon,Tue,Wed,Thu,Fri",Jun-29-2026 to Jul-10-2026,10,0,11,0,https://anc.ca.apm.activecommunities.com/toronto/activity/search/detail/168107?onlineSiteId=0&from_original_cui=true,96,108,Sports,None,This course is not presently available for Internet Registration.
3727,168108,220,Coleman Park,Sports - Tennis and Table Tennis,Philpott Tennis - Child,Philpott Tennis,"Mon,Tue,Wed,Thu,Fri",Jun-29-2026 to Jul-10-2026,11,0,12,0,https://anc.ca.apm.activecommunities.com/toronto/activity/search/detail/168108?onlineSiteId=0&from_original_cui=true,120,144,Sports,None,This course is not presently available for Internet Registration.
3728,168109,220,Coleman Park,Sports - Tennis and Table Tennis,Philpott Tennis - Youth,Philpott Tennis,"Mon,Tue,Wed,Thu,Fri",Jun-29-2026 to Jul-10-2026,12,0,13,0,https://anc.ca.apm.activecommunities.com/toronto/activity/search/detail/168109?onlineSiteId=0&from_original_cui=true,156,180,Sports,None,This course is not presently available for Internet Registration.
3729,168110,220,Coleman Park,Sports - Tennis and Table Tennis,Philpott Tennis - Child,Philpott Tennis,"Mon,Tue,Wed,Thu,Fri",Jul-13-2026 to Jul-24-2026,9,0,10,0,https://anc.ca.apm.activecommunities.com/toronto/activity/search/detail/168110?onlineSiteId=0&from_original_cui=true,72,84,Sports,None,This course is not presently available for Internet Registration.
3730,168113,220,Coleman Park,Sports - Tennis and Table Tennis,Philpott Tennis - Child,Philpott Tennis,"Mon,Tue,Wed,Thu,Fri",Jul-13-2026 to Jul-24-2026,10,0,11,0,https://anc.ca.apm.activecommunities.com/toronto/activity/search/detail/168113?onlineSiteId=0&from_original_cui=true,96,108,Sports,None,This course is not presently available for Internet Registration.
3731,168114,220,Coleman Park,Sports - Tennis and Table Tennis,Philpott Tennis - Child,Philpott Tennis,"Mon,Tue,Wed,Thu,Fri",Jul-13-2026 to Jul-24-2026,11,0,12,0,https://anc.ca.apm.activecommunities.com/toronto/activity/search/detail/168114?onlineSiteId=0&from_original_cui=true,120,144,Sports,None,This course is not presently available for Internet Registration.
3732,168115,220,Coleman Park,Sports - Tennis and Table Tennis,Philpott Tennis - Youth,Philpott Tennis,"Mon,Tue,Wed,Thu,Fri",Jul-13-2026 to Jul-24-2026,12,0,13,0,https://anc.ca.apm.activecommunities.com/toronto/activity/search/detail/168115?onlineSiteId=0&from_original_cui=true,156,180,Sports,None,This course is not presently available for Internet Registration.
3733,168117,220,Coleman Park,Sports - Tennis and Table Tennis,Philpott Tennis - Child,Philpott Tennis,"Mon,Tue,Wed,Thu,Fri",Jul-27-2026 to Aug-07-2026,9,0,10,0,https://anc.ca.apm.activecommunities.com/toronto/activity/search/detail/168117?onlineSiteId=0&from_original_cui=true,72,84,Sports,None,This course is not presently available for Internet Registration.
3734,168118,220,Coleman Park,Sports - Tennis and Table Tennis,Philpott Tennis - Child,Philpott Tennis,"Mon,Tue,Wed,Thu,Fri",Jul-27-2026 to Aug-07-2026,10,0,11,0,https://anc.ca.apm.activecommunities.com/toronto/activity/search/detail/168118?onlineSiteId=0&from_original_cui=true,96,108,Sports,None,This course is not presently available for Internet Registration.
3735,168119,220,Coleman Park,Sports - Tennis and Table Tennis,Philpott Tennis - Child,Philpott Tennis,"Mon,Tue,Wed,Thu,Fri",Jul-27-2026 to Aug-07-2026,11,0,12,0,https://anc.ca.apm.activecommunities.com/toronto/activity/search/detail/168119?onlineSiteId=0&from_original_cui=true,120,144,Sports,None,This course is not presently available for Internet Registration.
3736,168120,220,Coleman Park,Sports - Tennis and Table Tennis,Philpott Tennis - Youth,Philpott Tennis,"Mon,Tue,Wed,Thu,Fri",Jul-27-2026 to Aug-07-2026,12,0,13,0,https://anc.ca.apm.activecommunities.com/toronto/activity/search/detail/168120?onlineSiteId=0&from_original_cui=true,156,180,Sports,None,This course is not presently available for Internet Registration.
3737,168121,220,Coleman Park,Sports - Tennis and Table Tennis,Philpott Tennis - Child,Philpott Tennis,"Mon,Tue,Wed,Thu,Fri",Aug-10-2026 to Aug-21-2026,9,0,10,0,https://anc.ca.apm.activecommunities.com/toronto/activity/search/detail/168121?onlineSiteId=0&from_original_cui=true,72,84,Sports,None,This course is not presently available for Internet Registration.
3738,168123,220,Coleman Park,Sports - Tennis and Table Tennis,Philpott Tennis - Child,Philpott Tennis,"Mon,Tue,Wed,Thu,Fri",Aug-10-2026 to Aug-21-2026,10,0,11,0,https://anc.ca.apm.activecommunities.com/toronto/activity/search/detail/168123?onlineSiteId=0&from_original_cui=true,96,108,Sports,None,This course is not presently available for Internet Registration.
3739,168124,220,Coleman Park,Sports - Tennis and Table Tennis,Philpott Tennis - Child,Philpott Tennis,"Mon,Tue,Wed,Thu,Fri",Aug-10-2026 to Aug-21-2026,11,0,12,0,https://anc.ca.apm.activecommunities.com/toronto/activity/search/detail/168124?onlineSiteId=0&from_original_cui=true,120,144,Sports,None,This course is not presently available for Internet Registration.
3740,168126,220,Coleman Park,Sports - Tennis and Table Tennis,Philpott Tennis - Youth,Philpott Tennis,"Mon,Tue,Wed,Thu,Fri",Aug-10-2026 to Aug-21-2026,12,0,13,0,https://anc.ca.apm.activecommunities.com/toronto/activity/search/detail/168126?onlineSiteId=0&from_original_cui=true,156,180,Sports,None,This course is not presently available for Internet Registration.
4222,158313,241,Trinity Bellwoods Park,Sports - Tennis and Table Tennis,Tennis - Small Group - Adult,Tennis - Small Group,Mon,Jun-29-2026 to Aug-24-2026,17,0,17,30,https://anc.ca.apm.activecommunities.com/toronto/activity/search/detail/158313?onlineSiteId=0&from_original_cui=true,228,None,Sports,2026-06-02,This course is not presently available for Internet Registration.
4223,158314,241,Trinity Bellwoods Park,Sports - Tennis and Table Tennis,Tennis - Small Group - Adult,Tennis - Small Group,Mon,Jun-29-2026 to Aug-24-2026,17,30,18,0,https://anc.ca.apm.activecommunities.com/toronto/activity/search/detail/158314?onlineSiteId=0&from_original_cui=true,228,None,Sports,2026-06-02,This course is not presently available for Internet Registration.
4224,158320,241,Trinity Bellwoods Park,Sports - Tennis and Table Tennis,Tennis - Small Group - Adult,Tennis - Small Group,Mon,Jun-29-2026 to Aug-24-2026,18,0,18,30,https://anc.ca.apm.activecommunities.com/toronto/activity/search/detail/158320?onlineSiteId=0&from_original_cui=true,228,None,Sports,2026-06-02,This course is not presently available for Internet Registration.
4225,158322,241,Trinity Bellwoods Park,Sports - Tennis and Table Tennis,Tennis - Small Group - Adult,Tennis - Small Group,Mon,Jun-29-2026 to Aug-24-2026,18,45,19,15,https://anc.ca.apm.activecommunities.com/toronto/activity/search/detail/158322?onlineSiteId=0&from_original_cui=true,228,None,Sports,2026-06-02,This course is not presently available for Internet Registration.
4226,158326,241,Trinity Bellwoods Park,Sports - Tennis and Table Tennis,Tennis - Small Group - Adult,Tennis - Small Group,Mon,Jun-29-2026 to Aug-24-2026,19,15,19,45,https://anc.ca.apm.activecommunities.com/toronto/activity/search/detail/158326?onlineSiteId=0&from_original_cui=true,228,None,Sports,2026-06-02,This course is not presently available for Internet Registration.
4227,158328,241,Trinity Bellwoods Park,Sports - Tennis and Table Tennis,Tennis - Small Group - Adult,Tennis - Small Group,Mon,Jun-29-2026 to Aug-24-2026,19,45,20,15,https://anc.ca.apm.activecommunities.com/toronto/activity/search/detail/158328?onlineSiteId=0&from_original_cui=true,228,None,Sports,2026-06-02,This course is not presently available for Internet Registration.
4228,158349,241,Trinity Bellwoods Park,Sports - Tennis and Table Tennis,Tennis - Small Group - All Ages,Tennis - Small Group,Tue,Jun-30-2026 to Aug-25-2026,17,0,17,30,https://anc.ca.apm.activecommunities.com/toronto/activity/search/detail/158349?onlineSiteId=0&from_original_cui=true,84,None,Sports,2026-06-02,This course is not presently available for Internet Registration.
4229,158350,241,Trinity Bellwoods Park,Sports - Tennis and Table Tennis,Tennis - Small Group - All Ages,Tennis - Small Group,Tue,Jun-30-2026 to Aug-25-2026,17,30,18,0,https://anc.ca.apm.activecommunities.com/toronto/activity/search/detail/158350?onlineSiteId=0&from_original_cui=true,84,None,Sports,2026-06-02,This course is not presently available for Internet Registration.
4230,158351,241,Trinity Bellwoods Park,Sports - Tennis and Table Tennis,Tennis - Small Group - All Ages,Tennis - Small Group,Tue,Jun-30-2026 to Aug-25-2026,18,0,18,30,https://anc.ca.apm.activecommunities.com/toronto/activity/search/detail/158351?onlineSiteId=0&from_original_cui=true,84,None,Sports,2026-06-02,This course is not presently available for Internet Registration.
4231,158352,241,Trinity Bellwoods Park,Sports - Tennis and Table Tennis,Tennis - Small Group - All Ages,Tennis - Small Group,Tue,Jun-30-2026 to Aug-25-2026,18,45,19,15,https://anc.ca.apm.activecommunities.com/toronto/activity/search/detail/158352?onlineSiteId=0&from_original_cui=true,84,None,Sports,2026-06-02,This course is not presently available for Internet Registration.
4232,158353,241,Trinity Bellwoods Park,Sports - Tennis and Table Tennis,Tennis - Small Group - All Ages,Tennis - Small Group,Tue,Jun-30-2026 to Aug-25-2026,19,15,19,45,https://anc.ca.apm.activecommunities.com/toronto/activity/search/detail/158353?onlineSiteId=0&from_original_cui=true,84,None,Sports,2026-06-02,This course is not presently available for Internet Registration.
4233,158354,241,Trinity Bellwoods Park,Sports - Tennis and Table Tennis,Tennis - Small Group - All Ages,Tennis - Small Group,Tue,Jun-30-2026 to Aug-25-2026,19,45,20,15,https://anc.ca.apm.activecommunities.com/toronto/activity/search/detail/158354?onlineSiteId=0&from_original_cui=true,84,None,Sports,2026-06-02,This course is not presently available for Internet Registration.
4234,159898,241,Trinity Bellwoods Park,Sports - Tennis and Table Tennis,Tennis - Small Group - Adult,Tennis - Small Group,Wed,Jul-08-2026 to Aug-26-2026,17,0,17,30,https://anc.ca.apm.activecommunities.com/toronto/activity/search/detail/159898?onlineSiteId=0&from_original_cui=true,228,None,Sports,2026-06-02,This course is not presently available for Internet Registration.
4235,159900,241,Trinity Bellwoods Park,Sports - Tennis and Table Tennis,Tennis - Small Group - Adult,Tennis - Small Group,Wed,Jul-08-2026 to Aug-26-2026,17,30,18,0,https://anc.ca.apm.activecommunities.com/toronto/activity/search/detail/159900?onlineSiteId=0&from_original_cui=true,228,None,Sports,2026-06-02,This course is not presently available for Internet Registration.
4236,159901,241,Trinity Bellwoods Park,Sports - Tennis and Table Tennis,Tennis - Small Group - Adult,Tennis - Small Group,Wed,Jul-08-2026 to Aug-26-2026,18,0,18,30,https://anc.ca.apm.activecommunities.com/toronto/activity/search/detail/159901?onlineSiteId=0&from_original_cui=true,228,None,Sports,2026-06-02,This course is not presently available for Internet Registration.
4237,159902,241,Trinity Bellwoods Park,Sports - Tennis and Table Tennis,Tennis - Small Group - Adult,Tennis - Small Group,Wed,Jul-08-2026 to Aug-26-2026,18,45,19,15,https://anc.ca.apm.activecommunities.com/toronto/activity/search/detail/159902?onlineSiteId=0&from_original_cui=true,228,None,Sports,2026-06-02,This course is not presently available for Internet Registration.
4238,159908,241,Trinity Bellwoods Park,Sports - Tennis and Table Tennis,Tennis - Small Group - Adult,Tennis - Small Group,Wed,Jul-08-2026 to Aug-26-2026,19,15,19,45,https://anc.ca.apm.activecommunities.com/toronto/activity/search/detail/159908?onlineSiteId=0&from_original_cui=true,228,None,Sports,2026-06-02,This course is not presently available for Internet Registration.
4239,159910,241,Trinity Bellwoods Park,Sports - Tennis and Table Tennis,Tennis - Small Group - Adult,Tennis - Small Group,Wed,Jul-08-2026 to Aug-26-2026,19,45,20,15,https://anc.ca.apm.activecommunities.com/toronto/activity/search/detail/159910?onlineSiteId=0&from_original_cui=true,228,None,Sports,2026-06-02,This course is not presently available for Internet Registration.
4908,151964,276,Topham Park,Sports - Tennis and Table Tennis,Tennis - Small Group - Child,Tennis - Small Group,Tue,Mar-31-2026 to May-26-2026,17,45,18,30,https://anc.ca.apm.activecommunities.com/toronto/activity/search/detail/151964?onlineSiteId=0&from_original_cui=true,108,144,Sports,2026-03-03,This course has started
4909,151965,276,Topham Park,Sports - Tennis and Table Tennis,Tennis - Small Group - Child,Tennis - Small Group,Tue,Mar-31-2026 to May-26-2026,17,45,18,30,https://anc.ca.apm.activecommunities.com/toronto/activity/search/detail/151965?onlineSiteId=0&from_original_cui=true,72,108,Sports,2026-03-03,This course has started
4910,151967,276,Topham Park,Sports - Tennis and Table Tennis,Tennis - Small Group - Youth,Tennis - Small Group,Tue,Mar-31-2026 to May-26-2026,18,30,19,30,https://anc.ca.apm.activecommunities.com/toronto/activity/search/detail/151967?onlineSiteId=0&from_original_cui=true,156,204,Sports,2026-03-03,This course has started
4911,151968,276,Topham Park,Sports - Tennis and Table Tennis,Tennis: Instructional - Youth/Adult,Tennis: Instructional,Tue,Mar-31-2026 to May-26-2026,19,30,20,30,https://anc.ca.apm.activecommunities.com/toronto/activity/search/detail/151968?onlineSiteId=0&from_original_cui=true,180,None,Sports,2026-03-03,This course has started
4912,151969,276,Topham Park,Sports - Tennis and Table Tennis,Tennis - Small Group - Child,Tennis - Small Group,Thu,Apr-02-2026 to May-28-2026,17,45,18,30,https://anc.ca.apm.activecommunities.com/toronto/activity/search/detail/151969?onlineSiteId=0&from_original_cui=true,108,144,Sports,2026-03-03,This course has started
4913,151970,276,Topham Park,Sports - Tennis and Table Tennis,Tennis - Small Group - Child,Tennis - Small Group,Thu,Apr-02-2026 to May-28-2026,17,45,18,30,https://anc.ca.apm.activecommunities.com/toronto/activity/search/detail/151970?onlineSiteId=0&from_original_cui=true,72,108,Sports,2026-03-03,This course has started
4914,151973,276,Topham Park,Sports - Tennis and Table Tennis,Tennis - Small Group - Adult,Tennis - Small Group,Thu,Apr-02-2026 to May-28-2026,18,30,19,30,https://anc.ca.apm.activecommunities.com/toronto/activity/search/detail/151973?onlineSiteId=0&from_original_cui=true,216,None,Sports,2026-03-03,This course has started
4915,151974,276,Topham Park,Sports - Tennis and Table Tennis,Tennis: Instructional - Youth/Adult,Tennis: Instructional,Thu,Apr-02-2026 to May-28-2026,19,30,20,30,https://anc.ca.apm.activecommunities.com/toronto/activity/search/detail/151974?onlineSiteId=0&from_original_cui=true,180,None,Sports,2026-03-03,This course has started
4916,151975,276,Topham Park,Sports - Tennis and Table Tennis,Tennis - Private - All Ages,Tennis - Private,Sat,Apr-04-2026 to May-30-2026,9,30,10,0,https://anc.ca.apm.activecommunities.com/toronto/activity/search/detail/151975?onlineSiteId=0&from_original_cui=true,72,None,Sports,2026-03-03,This course has started
4917,151976,276,Topham Park,Sports - Tennis and Table Tennis,Tennis - Private - All Ages,Tennis - Private,Sat,Apr-04-2026 to May-30-2026,9,30,10,0,https://anc.ca.apm.activecommunities.com/toronto/activity/search/detail/151976?onlineSiteId=0&from_original_cui=true,72,None,Sports,2026-03-03,This course has started
4918,151977,276,Topham Park,Sports - Tennis and Table Tennis,Tennis - Private - All Ages,Tennis - Private,Sat,Apr-04-2026 to May-30-2026,10,0,10,30,https://anc.ca.apm.activecommunities.com/toronto/activity/search/detail/151977?onlineSiteId=0&from_original_cui=true,72,None,Sports,2026-03-03,This course has started
4919,151978,276,Topham Park,Sports - Tennis and Table Tennis,Tennis - Private - All Ages,Tennis - Private,Sat,Apr-04-2026 to May-30-2026,10,0,10,30,https://anc.ca.apm.activecommunities.com/toronto/activity/search/detail/151978?onlineSiteId=0&from_original_cui=true,72,None,Sports,2026-03-03,This course has started
4920,151979,276,Topham Park,Sports - Tennis and Table Tennis,Tennis - Private - All Ages,Tennis - Private,Sat,Apr-04-2026 to May-30-2026,10,30,11,0,https://anc.ca.apm.activecommunities.com/toronto/activity/search/detail/151979?onlineSiteId=0&from_original_cui=true,72,None,Sports,2026-03-03,This course has started
4921,151980,276,Topham Park,Sports - Tennis and Table Tennis,Tennis - Private - All Ages,Tennis - Private,Sat,Apr-04-2026 to May-30-2026,10,30,11,0,https://anc.ca.apm.activecommunities.com/toronto/activity/search/detail/151980?onlineSiteId=0&from_original_cui=true,72,None,Sports,2026-03-03,This course has started
4922,151981,276,Topham Park,Sports - Tennis and Table Tennis,Tennis - Small Group - Child,Tennis - Small Group,Sat,Apr-04-2026 to May-30-2026,11,15,12,0,https://anc.ca.apm.activecommunities.com/toronto/activity/search/detail/151981?onlineSiteId=0&from_original_cui=true,72,108,Sports,2026-03-03,This course has started
4923,151982,276,Topham Park,Sports - Tennis and Table Tennis,Tennis - Small Group - Child,Tennis - Small Group,Sat,Apr-04-2026 to May-30-2026,11,15,12,0,https://anc.ca.apm.activecommunities.com/toronto/activity/search/detail/151982?onlineSiteId=0&from_original_cui=true,108,144,Sports,2026-03-03,This course has started
4924,151983,276,Topham Park,Sports - Tennis and Table Tennis,Tennis - Small Group - Child,Tennis - Small Group,Sat,Apr-04-2026 to May-30-2026,12,0,12,45,https://anc.ca.apm.activecommunities.com/toronto/activity/search/detail/151983?onlineSiteId=0&from_original_cui=true,108,144,Sports,2026-03-03,This course has started
4925,151984,276,Topham Park,Sports - Tennis and Table Tennis,Tennis - Small Group - Child,Tennis - Small Group,Sat,Apr-04-2026 to May-30-2026,12,0,12,45,https://anc.ca.apm.activecommunities.com/toronto/activity/search/detail/151984?onlineSiteId=0&from_original_cui=true,72,108,Sports,2026-03-03,This course has started
4926,151985,276,Topham Park,Sports - Tennis and Table Tennis,Tennis: Instructional - Youth,Tennis: Instructional,Sat,Apr-04-2026 to May-30-2026,13,0,14,0,https://anc.ca.apm.activecommunities.com/toronto/activity/search/detail/151985?onlineSiteId=0&from_original_cui=true,156,216,Sports,2026-03-03,This course has started
4927,151986,276,Topham Park,Sports - Tennis and Table Tennis,Tennis: Instructional - Youth/Adult,Tennis: Instructional,Sat,Apr-04-2026 to May-30-2026,14,0,15,0,https://anc.ca.apm.activecommunities.com/toronto/activity/search/detail/151986?onlineSiteId=0&from_original_cui=true,180,None,Sports,2026-03-03,This course has started
4941,159507,276,Topham Park,Sports - Tennis and Table Tennis,Tennis - Private - All Ages,Tennis - Private,Tue,Jun-30-2026 to Sep-01-2026,16,30,17,0,https://anc.ca.apm.activecommunities.com/toronto/activity/search/detail/159507?onlineSiteId=0&from_original_cui=true,60,None,Sports,2026-06-02,This course is not presently available for Internet Registration.
4942,159509,276,Topham Park,Sports - Tennis and Table Tennis,Tennis - Private - All Ages,Tennis - Private,Tue,Jun-30-2026 to Sep-01-2026,17,0,17,30,https://anc.ca.apm.activecommunities.com/toronto/activity/search/detail/159509?onlineSiteId=0&from_original_cui=true,60,None,Sports,2026-06-02,This course is not presently available for Internet Registration.
4943,159512,276,Topham Park,Sports - Tennis and Table Tennis,Tennis - Small Group - Child,Tennis - Small Group,Tue,Jun-30-2026 to Aug-25-2026,17,45,18,30,https://anc.ca.apm.activecommunities.com/toronto/activity/search/detail/159512?onlineSiteId=0&from_original_cui=true,72,108,Sports,2026-06-02,This course is not presently available for Internet Registration.
4944,159514,276,Topham Park,Sports - Tennis and Table Tennis,Tennis - Small Group - Child,Tennis - Small Group,Thu,Jul-02-2026 to Aug-27-2026,17,45,18,30,https://anc.ca.apm.activecommunities.com/toronto/activity/search/detail/159514?onlineSiteId=0&from_original_cui=true,108,144,Sports,2026-06-02,This course is not presently available for Internet Registration.
4945,159517,276,Topham Park,Sports - Tennis and Table Tennis,Tennis - Small Group - Youth,Tennis - Small Group,Tue,Jun-30-2026 to Aug-25-2026,18,30,19,30,https://anc.ca.apm.activecommunities.com/toronto/activity/search/detail/159517?onlineSiteId=0&from_original_cui=true,156,216,Sports,2026-06-02,This course is not presently available for Internet Registration.
4946,159521,276,Topham Park,Sports - Tennis and Table Tennis,Tennis: Instructional - Youth/Adult,Tennis: Instructional,Tue,Jun-30-2026 to Aug-25-2026,19,30,20,30,https://anc.ca.apm.activecommunities.com/toronto/activity/search/detail/159521?onlineSiteId=0&from_original_cui=true,180,None,Sports,2026-06-02,This course is not presently available for Internet Registration.
4947,159538,276,Topham Park,Sports - Tennis and Table Tennis,Tennis - Private - All Ages,Tennis - Private,Thu,Jul-02-2026 to Aug-27-2026,16,30,17,0,https://anc.ca.apm.activecommunities.com/toronto/activity/search/detail/159538?onlineSiteId=0&from_original_cui=true,60,None,Sports,2026-06-02,This course is not presently available for Internet Registration.
4948,159539,276,Topham Park,Sports - Tennis and Table Tennis,Tennis - Private - All Ages,Tennis - Private,Thu,Jul-02-2026 to Aug-27-2026,17,0,17,30,https://anc.ca.apm.activecommunities.com/toronto/activity/search/detail/159539?onlineSiteId=0&from_original_cui=true,60,None,Sports,2026-06-02,This course is not presently available for Internet Registration.
4949,159541,276,Topham Park,Sports - Tennis and Table Tennis,Tennis - Small Group - Child,Tennis - Small Group,Thu,Jul-02-2026 to Aug-27-2026,17,45,18,30,https://anc.ca.apm.activecommunities.com/toronto/activity/search/detail/159541?onlineSiteId=0&from_original_cui=true,72,108,Sports,2026-06-02,This course is not presently available for Internet Registration.
4950,159543,276,Topham Park,Sports - Tennis and Table Tennis,Tennis - Small Group - Child,Tennis - Small Group,Tue,Jun-30-2026 to Aug-25-2026,17,45,18,30,https://anc.ca.apm.activecommunities.com/toronto/activity/search/detail/159543?onlineSiteId=0&from_original_cui=true,108,144,Sports,2026-06-02,This course is not presently available for Internet Registration.
4951,159546,276,Topham Park,Sports - Tennis and Table Tennis,Tennis - Small Group - Youth,Tennis - Small Group,Thu,Jul-02-2026 to Aug-27-2026,18,30,19,30,https://anc.ca.apm.activecommunities.com/toronto/activity/search/detail/159546?onlineSiteId=0&from_original_cui=true,156,216,Sports,2026-06-02,This course is not presently available for Internet Registration.
4952,159549,276,Topham Park,Sports - Tennis and Table Tennis,Tennis: Instructional - Youth/Adult,Tennis: Instructional,Thu,Jul-02-2026 to Aug-27-2026,19,30,20,30,https://anc.ca.apm.activecommunities.com/toronto/activity/search/detail/159549?onlineSiteId=0&from_original_cui=true,180,None,Sports,2026-06-02,This course is not presently available for Internet Registration.
4953,159562,276,Topham Park,Sports - Tennis and Table Tennis,Tennis - Private - All Ages,Tennis - Private,Sat,Jul-04-2026 to Aug-29-2026,9,30,10,0,https://anc.ca.apm.activecommunities.com/toronto/activity/search/detail/159562?onlineSiteId=0&from_original_cui=true,72,None,Sports,2026-06-02,This course is not presently available for Internet Registration.
4954,159565,276,Topham Park,Sports - Tennis and Table Tennis,Tennis - Private - All Ages,Tennis - Private,Sat,Jul-04-2026 to Aug-29-2026,9,30,10,0,https://anc.ca.apm.activecommunities.com/toronto/activity/search/detail/159565?onlineSiteId=0&from_original_cui=true,72,None,Sports,2026-06-02,This course is not presently available for Internet Registration.
4955,159568,276,Topham Park,Sports - Tennis and Table Tennis,Tennis - Private - All Ages,Tennis - Private,Sat,Jul-04-2026 to Aug-29-2026,10,0,10,30,https://anc.ca.apm.activecommunities.com/toronto/activity/search/detail/159568?onlineSiteId=0&from_original_cui=true,72,None,Sports,2026-06-02,This course is not presently available for Internet Registration.
4956,159569,276,Topham Park,Sports - Tennis and Table Tennis,Tennis - Private - All Ages,Tennis - Private,Sat,Jul-04-2026 to Aug-29-2026,10,0,10,30,https://anc.ca.apm.activecommunities.com/toronto/activity/search/detail/159569?onlineSiteId=0&from_original_cui=true,72,None,Sports,2026-06-02,This course is not presently available for Internet Registration.
4957,159570,276,Topham Park,Sports - Tennis and Table Tennis,Tennis - Private - All Ages,Tennis - Private,Sat,Jul-04-2026 to Aug-29-2026,10,30,11,0,https://anc.ca.apm.activecommunities.com/toronto/activity/search/detail/159570?onlineSiteId=0&from_original_cui=true,72,None,Sports,2026-06-02,This course is not presently available for Internet Registration.
4958,159572,276,Topham Park,Sports - Tennis and Table Tennis,Tennis - Private - All Ages,Tennis - Private,Sat,Jul-04-2026 to Aug-29-2026,10,30,11,0,https://anc.ca.apm.activecommunities.com/toronto/activity/search/detail/159572?onlineSiteId=0&from_original_cui=true,72,None,Sports,2026-06-02,This course is not presently available for Internet Registration.
4959,159573,276,Topham Park,Sports - Tennis and Table Tennis,Tennis - Small Group - Child,Tennis - Small Group,Sat,Jul-04-2026 to Aug-29-2026,11,15,12,0,https://anc.ca.apm.activecommunities.com/toronto/activity/search/detail/159573?onlineSiteId=0&from_original_cui=true,108,144,Sports,2026-06-02,This course is not presently available for Internet Registration.
4960,159574,276,Topham Park,Sports - Tennis and Table Tennis,Tennis - Small Group - Child,Tennis - Small Group,Sat,Jul-04-2026 to Aug-29-2026,11,15,12,0,https://anc.ca.apm.activecommunities.com/toronto/activity/search/detail/159574?onlineSiteId=0&from_original_cui=true,72,108,Sports,2026-06-02,This course is not presently available for Internet Registration.
4961,159577,276,Topham Park,Sports - Tennis and Table Tennis,Tennis - Small Group - Child,Tennis - Small Group,Sat,Jul-04-2026 to Aug-29-2026,12,0,12,45,https://anc.ca.apm.activecommunities.com/toronto/activity/search/detail/159577?onlineSiteId=0&from_original_cui=true,72,108,Sports,2026-06-02,This course is not presently available for Internet Registration.
4962,159579,276,Topham Park,Sports - Tennis and Table Tennis,Tennis - Small Group - Child,Tennis - Small Group,Sat,Jul-04-2026 to Aug-29-2026,12,0,12,45,https://anc.ca.apm.activecommunities.com/toronto/activity/search/detail/159579?onlineSiteId=0&from_original_cui=true,108,144,Sports,2026-06-02,This course is not presently available for Internet Registration.
4963,159581,276,Topham Park,Sports - Tennis and Table Tennis,Tennis: Instructional - Youth,Tennis: Instructional,Sat,Jul-04-2026 to Aug-29-2026,13,0,14,0,https://anc.ca.apm.activecommunities.com/toronto/activity/search/detail/159581?onlineSiteId=0&from_original_cui=true,156,216,Sports,2026-06-02,This course is not presently available for Internet Registration.
4964,159582,276,Topham Park,Sports - Tennis and Table Tennis,Tennis: Instructional - Youth/Adult,Tennis: Instructional,Sat,Jul-04-2026 to Aug-29-2026,14,0,15,0,https://anc.ca.apm.activecommunities.com/toronto/activity/search/detail/159582?onlineSiteId=0&from_original_cui=true,180,None,Sports,2026-06-02,This course is not presently available for Internet Registration.
6821,127512,329,East York Community Recreation Centre,Sports - Tennis and Table Tennis,Tennis: Instructional - Child,Tennis: Instructional,Fri,Apr-10-2026 to Jun-05-2026,16,15,17,0,https://anc.ca.apm.activecommunities.com/toronto/activity/search/detail/127512?onlineSiteId=0&from_original_cui=true,72,96,Sports,2026-03-03,This course has started
6823,127514,329,East York Community Recreation Centre,Sports - Tennis and Table Tennis,Tennis: Instructional - Child,Tennis: Instructional,Fri,Apr-10-2026 to Jun-05-2026,17,0,17,45,https://anc.ca.apm.activecommunities.com/toronto/activity/search/detail/127514?onlineSiteId=0&from_original_cui=true,72,96,Sports,2026-03-03,This course has started
6828,127519,329,East York Community Recreation Centre,Sports - Tennis and Table Tennis,Tennis: Instructional - Child,Tennis: Instructional,Fri,Apr-10-2026 to Jun-05-2026,17,45,18,30,https://anc.ca.apm.activecommunities.com/toronto/activity/search/detail/127519?onlineSiteId=0&from_original_cui=true,108,144,Sports,2026-03-03,This course has started
6829,127520,329,East York Community Recreation Centre,Sports - Tennis and Table Tennis,Tennis: Instructional - Youth,Tennis: Instructional,Fri,Apr-10-2026 to Jun-05-2026,18,30,19,15,https://anc.ca.apm.activecommunities.com/toronto/activity/search/detail/127520?onlineSiteId=0&from_original_cui=true,156,168,Sports,2026-03-03,This course has started
6997,158691,329,East York Community Recreation Centre,Sports - Tennis and Table Tennis,Tennis: Instructional - Child,Tennis: Instructional,Sat,Jul-04-2026 to Aug-29-2026,11,0,11,45,https://anc.ca.apm.activecommunities.com/toronto/activity/search/detail/158691?onlineSiteId=0&from_original_cui=true,72,96,Sports,2026-06-02,This course is not presently available for Internet Registration.
6998,158692,329,East York Community Recreation Centre,Sports - Tennis and Table Tennis,Tennis: Instructional - Child,Tennis: Instructional,Sat,Jul-04-2026 to Aug-29-2026,11,45,12,30,https://anc.ca.apm.activecommunities.com/toronto/activity/search/detail/158692?onlineSiteId=0&from_original_cui=true,108,144,Sports,2026-06-02,This course is not presently available for Internet Registration.
7177,176122,348,Sorauren Avenue Park,Sports - Tennis and Table Tennis,Philpott Tennis - Child,Philpott Tennis,"Mon,Tue,Wed,Thu,Fri",Jun-29-2026 to Jul-10-2026,9,0,10,0,https://anc.ca.apm.activecommunities.com/toronto/activity/search/detail/176122?onlineSiteId=0&from_original_cui=true,72,84,Sports,2026-06-02,This course is not presently available for Internet Registration.
7178,176146,348,Sorauren Avenue Park,Sports - Tennis and Table Tennis,Philpott Tennis - Child,Philpott Tennis,"Mon,Tue,Wed,Thu,Fri",Jul-13-2026 to Jul-24-2026,9,0,10,0,https://anc.ca.apm.activecommunities.com/toronto/activity/search/detail/176146?onlineSiteId=0&from_original_cui=true,72,84,Sports,2026-06-02,This course is not presently available for Internet Registration.
7179,176168,348,Sorauren Avenue Park,Sports - Tennis and Table Tennis,Philpott Tennis - Child,Philpott Tennis,"Mon,Tue,Wed,Thu,Fri",Jul-27-2026 to Aug-07-2026,9,0,10,0,https://anc.ca.apm.activecommunities.com/toronto/activity/search/detail/176168?onlineSiteId=0&from_original_cui=true,72,84,Sports,2026-06-02,This course is not presently available for Internet Registration.
7180,176171,348,Sorauren Avenue Park,Sports - Tennis and Table Tennis,Philpott Tennis - Child,Philpott Tennis,"Mon,Tue,Wed,Thu,Fri",Aug-10-2026 to Aug-21-2026,9,0,10,0,https://anc.ca.apm.activecommunities.com/toronto/activity/search/detail/176171?onlineSiteId=0&from_original_cui=true,72,84,Sports,2026-06-02,This course is not presently available for Internet Registration.
7181,176177,348,Sorauren Avenue Park,Sports - Tennis and Table Tennis,Philpott Tennis - Child,Philpott Tennis,"Mon,Tue,Wed,Thu,Fri",Jun-29-2026 to Jul-10-2026,10,0,11,0,https://anc.ca.apm.activecommunities.com/toronto/activity/search/detail/176177?onlineSiteId=0&from_original_cui=true,96,108,Sports,2026-06-02,This course is not presently available for Internet Registration.
7182,176186,348,Sorauren Avenue Park,Sports - Tennis and Table Tennis,Philpott Tennis - Child,Philpott Tennis,"Mon,Tue,Wed,Thu,Fri",Jul-13-2026 to Jul-24-2026,10,0,11,0,https://anc.ca.apm.activecommunities.com/toronto/activity/search/detail/176186?onlineSiteId=0&from_original_cui=true,96,108,Sports,2026-06-02,This course is not presently available for Internet Registration.
7183,176196,348,Sorauren Avenue Park,Sports - Tennis and Table Tennis,Philpott Tennis - Child,Philpott Tennis,"Mon,Tue,Wed,Thu,Fri",Jul-27-2026 to Aug-07-2026,10,0,11,0,https://anc.ca.apm.activecommunities.com/toronto/activity/search/detail/176196?onlineSiteId=0&from_original_cui=true,96,108,Sports,2026-06-02,This course is not presently available for Internet Registration.
7184,176214,348,Sorauren Avenue Park,Sports - Tennis and Table Tennis,Philpott Tennis - Child,Philpott Tennis,"Mon,Tue,Wed,Thu,Fri",Jun-29-2026 to Jul-10-2026,11,0,12,0,https://anc.ca.apm.activecommunities.com/toronto/activity/search/detail/176214?onlineSiteId=0&from_original_cui=true,120,144,Sports,2026-06-02,This course is not presently available for Internet Registration.
7185,176237,348,Sorauren Avenue Park,Sports - Tennis and Table Tennis,Philpott Tennis - Child,Philpott Tennis,"Mon,Tue,Wed,Thu,Fri",Jul-13-2026 to Jul-24-2026,11,0,12,0,https://anc.ca.apm.activecommunities.com/toronto/activity/search/detail/176237?onlineSiteId=0&from_original_cui=true,120,144,Sports,2026-06-02,This course is not presently available for Internet Registration.
7186,176244,348,Sorauren Avenue Park,Sports - Tennis and Table Tennis,Philpott Tennis - Child,Philpott Tennis,"Mon,Tue,Wed,Thu,Fri",Jul-27-2026 to Aug-07-2026,11,0,12,0,https://anc.ca.apm.activecommunities.com/toronto/activity/search/detail/176244?onlineSiteId=0&from_original_cui=true,120,144,Sports,2026-06-02,This course is not presently available for Internet Registration.
7187,176250,348,Sorauren Avenue Park,Sports - Tennis and Table Tennis,Philpott Tennis - Child,Philpott Tennis,"Mon,Tue,Wed,Thu,Fri",Aug-10-2026 to Aug-21-2026,11,0,12,0,https://anc.ca.apm.activecommunities.com/toronto/activity/search/detail/176250?onlineSiteId=0&from_original_cui=true,120,144,Sports,2026-06-02,This course is not presently available for Internet Registration.
7188,176280,348,Sorauren Avenue Park,Sports - Tennis and Table Tennis,Philpott Tennis - Child/Youth,Philpott Tennis,"Mon,Tue,Wed,Thu,Fri",Jun-29-2026 to Jul-10-2026,12,0,13,0,https://anc.ca.apm.activecommunities.com/toronto/activity/search/detail/176280?onlineSiteId=0&from_original_cui=true,156,168,Sports,2026-06-02,This course is not presently available for Internet Registration.
7189,176283,348,Sorauren Avenue Park,Sports - Tennis and Table Tennis,Philpott Tennis - Child/Youth,Philpott Tennis,"Mon,Tue,Wed,Thu,Fri",Jul-13-2026 to Jul-24-2026,12,0,13,0,https://anc.ca.apm.activecommunities.com/toronto/activity/search/detail/176283?onlineSiteId=0&from_original_cui=true,156,168,Sports,2026-06-02,This course is not presently available for Internet Registration.
7190,176297,348,Sorauren Avenue Park,Sports - Tennis and Table Tennis,Philpott Tennis - Child/Youth,Philpott Tennis,"Mon,Tue,Wed,Thu,Fri",Jul-27-2026 to Aug-07-2026,12,0,13,0,https://anc.ca.apm.activecommunities.com/toronto/activity/search/detail/176297?onlineSiteId=0&from_original_cui=true,156,168,Sports,2026-06-02,This course is not presently available for Internet Registration.
7191,176301,348,Sorauren Avenue Park,Sports - Tennis and Table Tennis,Philpott Tennis - Child/Youth,Philpott Tennis,"Mon,Tue,Wed,Thu,Fri",Aug-10-2026 to Aug-21-2026,12,0,13,0,https://anc.ca.apm.activecommunities.com/toronto/activity/search/detail/176301?onlineSiteId=0&from_original_cui=true,156,168,Sports,2026-06-02,This course is not presently available for Internet Registration.
7746,129070,405,Milliken Park Community Recreation Centre,Sports - Tennis and Table Tennis,Table Tennis: Instructional - Child,Table Tennis: Instructional,Fri,Apr-10-2026 to Jun-05-2026,17,30,18,30,https://anc.ca.apm.activecommunities.com/toronto/activity/search/detail/129070?onlineSiteId=0&from_original_cui=true,72,96,Sports,2026-03-04,This course has started
7747,129074,405,Milliken Park Community Recreation Centre,Sports - Tennis and Table Tennis,Table Tennis: Instructional - Child,Table Tennis: Instructional,Fri,Apr-10-2026 to Jun-05-2026,18,30,19,30,https://anc.ca.apm.activecommunities.com/toronto/activity/search/detail/129074?onlineSiteId=0&from_original_cui=true,108,144,Sports,2026-03-04,This course has started
7786,158214,405,Milliken Park Community Recreation Centre,Sports - Tennis and Table Tennis,Table Tennis: Instructional - Child,Table Tennis: Instructional,Fri,Apr-10-2026 to Jun-05-2026,19,30,20,30,https://anc.ca.apm.activecommunities.com/toronto/activity/search/detail/158214?onlineSiteId=0&from_original_cui=true,108,144,Sports,2026-03-04,This course has started
8386,139611,472,Amesbury Community Centre,Sports - Tennis and Table Tennis,Tennis: Instructional - Intermediate - Child,Tennis: Instructional - Intermediate,Fri,Apr-10-2026 to Jun-05-2026,17,0,18,0,https://anc.ca.apm.activecommunities.com/toronto/activity/search/detail/139611?onlineSiteId=0&from_original_cui=true,108,144,Sports,2026-03-03,This course has started
8387,139613,472,Amesbury Community Centre,Sports - Tennis and Table Tennis,Tennis: Instructional - Intermediate - Child,Tennis: Instructional - Intermediate,Fri,Apr-10-2026 to Jun-05-2026,17,0,18,0,https://anc.ca.apm.activecommunities.com/toronto/activity/search/detail/139613?onlineSiteId=0&from_original_cui=true,156,204,Sports,2026-03-03,This course has started
8388,139626,472,Amesbury Community Centre,Sports - Tennis and Table Tennis,Tennis: Instructional - Intermediate - Adult,Tennis: Instructional - Intermediate,Fri,Apr-10-2026 to May-29-2026,19,15,20,15,https://anc.ca.apm.activecommunities.com/toronto/activity/search/detail/139626?onlineSiteId=0&from_original_cui=true,228,None,Sports,2026-03-03,This course has started
8389,139629,472,Amesbury Community Centre,Sports - Tennis and Table Tennis,Tennis: Instructional - Adult,Tennis: Instructional,Mon,Mar-30-2026 to Jun-08-2026,20,15,21,15,https://anc.ca.apm.activecommunities.com/toronto/activity/search/detail/139629?onlineSiteId=0&from_original_cui=true,228,None,Sports,2026-03-03,This course has started
8409,144240,472,Amesbury Community Centre,Sports - Tennis and Table Tennis,Tennis - Small Group - Adult,Tennis - Small Group,Mon,Mar-30-2026 to Jun-08-2026,14,0,15,0,https://anc.ca.apm.activecommunities.com/toronto/activity/search/detail/144240?onlineSiteId=0&from_original_cui=true,228,None,Sports,2026-03-03,This course has started
8410,144241,472,Amesbury Community Centre,Sports - Tennis and Table Tennis,Tennis: Instructional - Child,Tennis: Instructional,Mon,Mar-30-2026 to Jun-08-2026,17,0,18,0,https://anc.ca.apm.activecommunities.com/toronto/activity/search/detail/144241?onlineSiteId=0&from_original_cui=true,72,108,Sports,2026-03-03,This course has started
8411,144242,472,Amesbury Community Centre,Sports - Tennis and Table Tennis,Tennis: Instructional - Child,Tennis: Instructional,Mon,Mar-30-2026 to Jun-08-2026,18,0,19,0,https://anc.ca.apm.activecommunities.com/toronto/activity/search/detail/144242?onlineSiteId=0&from_original_cui=true,120,144,Sports,2026-03-03,This course has started
8412,144243,472,Amesbury Community Centre,Sports - Tennis and Table Tennis,Tennis: Instructional - Child/Youth,Tennis: Instructional,Mon,Mar-30-2026 to Jun-08-2026,18,0,19,0,https://anc.ca.apm.activecommunities.com/toronto/activity/search/detail/144243?onlineSiteId=0&from_original_cui=true,156,180,Sports,2026-03-03,This course has started
8413,144244,472,Amesbury Community Centre,Sports - Tennis and Table Tennis,Tennis - Private - All Ages,Tennis - Private,Mon,Mar-30-2026 to Jun-08-2026,15,0,15,30,https://anc.ca.apm.activecommunities.com/toronto/activity/search/detail/144244?onlineSiteId=0&from_original_cui=true,72,None,Sports,2026-03-03,This course has started
8414,144245,472,Amesbury Community Centre,Sports - Tennis and Table Tennis,Tennis: Instructional - Child/Youth,Tennis: Instructional,Mon,Mar-30-2026 to Jun-08-2026,19,15,20,15,https://anc.ca.apm.activecommunities.com/toronto/activity/search/detail/144245?onlineSiteId=0&from_original_cui=true,192,204,Sports,2026-03-03,This course has started
8415,144246,472,Amesbury Community Centre,Sports - Tennis and Table Tennis,Tennis: Instructional - Adult,Tennis: Instructional,Mon,Mar-30-2026 to Jun-08-2026,19,15,20,15,https://anc.ca.apm.activecommunities.com/toronto/activity/search/detail/144246?onlineSiteId=0&from_original_cui=true,228,None,Sports,2026-03-03,This course has started
8434,144309,472,Amesbury Community Centre,Sports - Tennis and Table Tennis,Tennis: Instructional - Adult,Tennis: Instructional,Fri,Apr-10-2026 to Jun-05-2026,20,15,21,15,https://anc.ca.apm.activecommunities.com/toronto/activity/search/detail/144309?onlineSiteId=0&from_original_cui=true,228,None,Sports,2026-03-03,This course has started
8455,161226,472,Amesbury Community Centre,Sports - Tennis and Table Tennis,Tennis: Instructional - Child/Youth,Tennis: Instructional,Fri,Apr-10-2026 to Jun-05-2026,18,0,19,0,https://anc.ca.apm.activecommunities.com/toronto/activity/search/detail/161226?onlineSiteId=0&from_original_cui=true,192,216,Sports,2026-03-03,This course has started
8456,161227,472,Amesbury Community Centre,Sports - Tennis and Table Tennis,Tennis: Instructional - Adult,Tennis: Instructional,Fri,Apr-10-2026 to Jun-05-2026,18,0,19,0,https://anc.ca.apm.activecommunities.com/toronto/activity/search/detail/161227?onlineSiteId=0&from_original_cui=true,228,None,Sports,2026-03-03,This course has started
8560,163163,484,Amesbury Park,Sports - Tennis and Table Tennis,Philpott Tennis - Child,Philpott Tennis,"Mon,Tue,Wed,Thu,Fri",Jun-29-2026 to Jul-10-2026,9,0,10,0,https://anc.ca.apm.activecommunities.com/toronto/activity/search/detail/163163?onlineSiteId=0&from_original_cui=true,72,84,Sports,2026-06-02,This course is not presently available for Internet Registration.
8561,163164,484,Amesbury Park,Sports - Tennis and Table Tennis,Philpott Tennis - Child,Philpott Tennis,"Mon,Tue,Wed,Thu,Fri",Jul-13-2026 to Jul-24-2026,9,0,10,0,https://anc.ca.apm.activecommunities.com/toronto/activity/search/detail/163164?onlineSiteId=0&from_original_cui=true,72,84,Sports,2026-06-02,This course is not presently available for Internet Registration.
8562,163165,484,Amesbury Park,Sports - Tennis and Table Tennis,Philpott Tennis - Child,Philpott Tennis,"Mon,Tue,Wed,Thu,Fri",Jul-27-2026 to Aug-07-2026,9,0,10,0,https://anc.ca.apm.activecommunities.com/toronto/activity/search/detail/163165?onlineSiteId=0&from_original_cui=true,72,84,Sports,2026-06-02,This course is not presently available for Internet Registration.
8563,163166,484,Amesbury Park,Sports - Tennis and Table Tennis,Philpott Tennis - Child,Philpott Tennis,"Mon,Tue,Wed,Thu,Fri",Aug-10-2026 to Aug-21-2026,9,0,10,0,https://anc.ca.apm.activecommunities.com/toronto/activity/search/detail/163166?onlineSiteId=0&from_original_cui=true,72,84,Sports,2026-06-02,This course is not presently available for Internet Registration.
8564,163168,484,Amesbury Park,Sports - Tennis and Table Tennis,Philpott Tennis - Child,Philpott Tennis,"Mon,Tue,Wed,Thu,Fri",Jun-29-2026 to Jul-10-2026,10,0,11,0,https://anc.ca.apm.activecommunities.com/toronto/activity/search/detail/163168?onlineSiteId=0&from_original_cui=true,96,108,Sports,2026-06-02,This course is not presently available for Internet Registration.
8565,163179,484,Amesbury Park,Sports - Tennis and Table Tennis,Philpott Tennis - Child,Philpott Tennis,"Mon,Tue,Wed,Thu,Fri",Jul-13-2026 to Jul-24-2026,10,0,11,0,https://anc.ca.apm.activecommunities.com/toronto/activity/search/detail/163179?onlineSiteId=0&from_original_cui=true,96,108,Sports,2026-06-02,This course is not presently available for Internet Registration.
8566,163180,484,Amesbury Park,Sports - Tennis and Table Tennis,Philpott Tennis - Child,Philpott Tennis,"Mon,Tue,Wed,Thu,Fri",Jul-27-2026 to Aug-07-2026,10,0,11,0,https://anc.ca.apm.activecommunities.com/toronto/activity/search/detail/163180?onlineSiteId=0&from_original_cui=true,96,108,Sports,2026-06-02,This course is not presently available for Internet Registration.
8567,163181,484,Amesbury Park,Sports - Tennis and Table Tennis,Philpott Tennis - Child,Philpott Tennis,"Mon,Tue,Wed,Thu,Fri",Aug-10-2026 to Aug-21-2026,10,0,11,0,https://anc.ca.apm.activecommunities.com/toronto/activity/search/detail/163181?onlineSiteId=0&from_original_cui=true,96,108,Sports,2026-06-02,This course is not presently available for Internet Registration.
8568,163182,484,Amesbury Park,Sports - Tennis and Table Tennis,Philpott Tennis - Child,Philpott Tennis,"Mon,Tue,Wed,Thu,Fri",Jun-29-2026 to Jul-10-2026,11,0,12,0,https://anc.ca.apm.activecommunities.com/toronto/activity/search/detail/163182?onlineSiteId=0&from_original_cui=true,120,144,Sports,2026-06-02,This course is not presently available for Internet Registration.
8569,163183,484,Amesbury Park,Sports - Tennis and Table Tennis,Philpott Tennis - Child,Philpott Tennis,"Mon,Tue,Wed,Thu,Fri",Jul-13-2026 to Jul-24-2026,11,0,12,0,https://anc.ca.apm.activecommunities.com/toronto/activity/search/detail/163183?onlineSiteId=0&from_original_cui=true,120,144,Sports,2026-06-02,This course is not presently available for Internet Registration.
8570,163184,484,Amesbury Park,Sports - Tennis and Table Tennis,Philpott Tennis - Child,Philpott Tennis,"Mon,Tue,Wed,Thu,Fri",Jul-27-2026 to Aug-07-2026,11,0,12,0,https://anc.ca.apm.activecommunities.com/toronto/activity/search/detail/163184?onlineSiteId=0&from_original_cui=true,120,144,Sports,2026-06-02,This course is not presently available for Internet Registration.
8571,163185,484,Amesbury Park,Sports - Tennis and Table Tennis,Philpott Tennis - Child,Philpott Tennis,"Mon,Tue,Wed,Thu,Fri",Aug-10-2026 to Aug-21-2026,11,0,12,0,https://anc.ca.apm.activecommunities.com/toronto/activity/search/detail/163185?onlineSiteId=0&from_original_cui=true,120,144,Sports,2026-06-02,This course is not presently available for Internet Registration.
8572,163186,484,Amesbury Park,Sports - Tennis and Table Tennis,Philpott Tennis - Youth,Philpott Tennis,"Mon,Tue,Wed,Thu,Fri",Jun-29-2026 to Jul-10-2026,12,0,13,0,https://anc.ca.apm.activecommunities.com/toronto/activity/search/detail/163186?onlineSiteId=0&from_original_cui=true,156,204,Sports,2026-06-02,This course is not presently available for Internet Registration.
8573,163187,484,Amesbury Park,Sports - Tennis and Table Tennis,Philpott Tennis - Youth,Philpott Tennis,"Mon,Tue,Wed,Thu,Fri",Jul-13-2026 to Jul-24-2026,12,0,13,0,https://anc.ca.apm.activecommunities.com/toronto/activity/search/detail/163187?onlineSiteId=0&from_original_cui=true,156,204,Sports,2026-06-02,This course is not presently available for Internet Registration.
8574,163188,484,Amesbury Park,Sports - Tennis and Table Tennis,Philpott Tennis - Youth,Philpott Tennis,"Mon,Tue,Wed,Thu,Fri",Jul-27-2026 to Aug-07-2026,12,0,13,0,https://anc.ca.apm.activecommunities.com/toronto/activity/search/detail/163188?onlineSiteId=0&from_original_cui=true,156,204,Sports,2026-06-02,This course is not presently available for Internet Registration.
8575,163189,484,Amesbury Park,Sports - Tennis and Table Tennis,Philpott Tennis - Youth,Philpott Tennis,"Mon,Tue,Wed,Thu,Fri",Aug-10-2026 to Aug-21-2026,12,0,13,0,https://anc.ca.apm.activecommunities.com/toronto/activity/search/detail/163189?onlineSiteId=0&from_original_cui=true,156,204,Sports,2026-06-02,This course is not presently available for Internet Registration.
8654,139540,487,Ancaster Community Centre,Sports - Tennis and Table Tennis,Tennis: Instructional - Child,Tennis: Instructional,Thu,Apr-02-2026 to May-28-2026,17,30,18,30,https://anc.ca.apm.activecommunities.com/toronto/activity/search/detail/139540?onlineSiteId=0&from_original_cui=true,72,96,Sports,2026-03-04,This course has started
8655,139545,487,Ancaster Community Centre,Sports - Tennis and Table Tennis,Tennis: Instructional - Child,Tennis: Instructional,Thu,Apr-02-2026 to May-28-2026,18,30,19,30,https://anc.ca.apm.activecommunities.com/toronto/activity/search/detail/139545?onlineSiteId=0&from_original_cui=true,108,144,Sports,2026-03-04,This course has started
8667,139725,487,Ancaster Community Centre,Sports - Tennis and Table Tennis,Tennis - Semi Private - All Ages,Tennis - Semi Private,Sat,Apr-11-2026 to Jun-06-2026,13,30,14,0,https://anc.ca.apm.activecommunities.com/toronto/activity/search/detail/139725?onlineSiteId=0&from_original_cui=true,156,None,Sports,2026-03-04,This course has started
8668,139728,487,Ancaster Community Centre,Sports - Tennis and Table Tennis,Tennis - Semi Private - All Ages,Tennis - Semi Private,Sat,Apr-11-2026 to Jun-06-2026,14,0,14,30,https://anc.ca.apm.activecommunities.com/toronto/activity/search/detail/139728?onlineSiteId=0&from_original_cui=true,156,None,Sports,2026-03-04,This course has started
8669,139736,487,Ancaster Community Centre,Sports - Tennis and Table Tennis,Tennis - Semi Private - All Ages,Tennis - Semi Private,Sat,Apr-11-2026 to Jun-06-2026,14,30,15,0,https://anc.ca.apm.activecommunities.com/toronto/activity/search/detail/139736?onlineSiteId=0&from_original_cui=true,156,None,Sports,2026-03-04,This course has started
8670,139741,487,Ancaster Community Centre,Sports - Tennis and Table Tennis,Tennis - Semi Private - All Ages,Tennis - Semi Private,Sat,Apr-11-2026 to Jun-06-2026,15,0,15,30,https://anc.ca.apm.activecommunities.com/toronto/activity/search/detail/139741?onlineSiteId=0&from_original_cui=true,156,None,Sports,2026-03-04,This course has started
8671,139749,487,Ancaster Community Centre,Sports - Tennis and Table Tennis,Tennis - Semi Private - All Ages,Tennis - Semi Private,Sat,Apr-11-2026 to Jun-06-2026,15,30,16,0,https://anc.ca.apm.activecommunities.com/toronto/activity/search/detail/139749?onlineSiteId=0&from_original_cui=true,156,None,Sports,2026-03-04,This course has started
10446,126970,510,Runnymede Collegiate Institute,Sports - Tennis and Table Tennis,Tennis: Instructional - Early Child,Tennis: Instructional,Sat,Mar-28-2026 to May-23-2026,9,30,10,15,https://anc.ca.apm.activecommunities.com/toronto/activity/search/detail/126970?onlineSiteId=0&from_original_cui=true,48,60,Sports,2026-03-03,This course has started
10447,126971,510,Runnymede Collegiate Institute,Sports - Tennis and Table Tennis,Tennis: Instructional - Early Child,Tennis: Instructional,Sat,Mar-28-2026 to May-23-2026,12,45,13,30,https://anc.ca.apm.activecommunities.com/toronto/activity/search/detail/126971?onlineSiteId=0&from_original_cui=true,48,60,Sports,2026-03-03,This course has started
10448,126972,510,Runnymede Collegiate Institute,Sports - Tennis and Table Tennis,Tennis: Instructional - Child,Tennis: Instructional,Sat,Mar-28-2026 to May-23-2026,10,15,11,15,https://anc.ca.apm.activecommunities.com/toronto/activity/search/detail/126972?onlineSiteId=0&from_original_cui=true,72,96,Sports,2026-03-03,This course has started
10449,126973,510,Runnymede Collegiate Institute,Sports - Tennis and Table Tennis,Tennis: Instructional - Child,Tennis: Instructional,Sat,Mar-28-2026 to May-23-2026,11,15,12,15,https://anc.ca.apm.activecommunities.com/toronto/activity/search/detail/126973?onlineSiteId=0&from_original_cui=true,108,144,Sports,2026-03-03,This course has started
10450,126974,510,Runnymede Collegiate Institute,Sports - Tennis and Table Tennis,Tennis: Instructional - Child,Tennis: Instructional,Sat,Mar-28-2026 to May-23-2026,13,30,14,30,https://anc.ca.apm.activecommunities.com/toronto/activity/search/detail/126974?onlineSiteId=0&from_original_cui=true,72,96,Sports,2026-03-03,This course has started
10451,126975,510,Runnymede Collegiate Institute,Sports - Tennis and Table Tennis,Tennis: Instructional - Child,Tennis: Instructional,Mon,Mar-30-2026 to Jun-01-2026,19,0,20,0,https://anc.ca.apm.activecommunities.com/toronto/activity/search/detail/126975?onlineSiteId=0&from_original_cui=true,72,144,Sports,2026-03-03,This course has started
10452,126976,510,Runnymede Collegiate Institute,Sports - Tennis and Table Tennis,Tennis: Instructional - Early Child,Tennis: Instructional,Mon,Mar-30-2026 to Jun-01-2026,18,15,19,0,https://anc.ca.apm.activecommunities.com/toronto/activity/search/detail/126976?onlineSiteId=0&from_original_cui=true,48,60,Sports,2026-03-03,This course has started
10453,126977,510,Runnymede Collegiate Institute,Sports - Tennis and Table Tennis,Tennis: Instructional - Youth,Tennis: Instructional,Mon,Mar-30-2026 to Jun-01-2026,20,0,21,0,https://anc.ca.apm.activecommunities.com/toronto/activity/search/detail/126977?onlineSiteId=0&from_original_cui=true,156,204,Sports,2026-03-03,This course has started
10591,163713,514,Earlscourt Park,Sports - Tennis and Table Tennis,Philpott Tennis - Child,Philpott Tennis,"Mon,Tue,Wed,Thu,Fri",Jun-29-2026 to Jul-10-2026,9,0,10,0,https://anc.ca.apm.activecommunities.com/toronto/activity/search/detail/163713?onlineSiteId=0&from_original_cui=true,72,84,Sports,2026-06-02,This course is not presently available for Internet Registration.
10592,163715,514,Earlscourt Park,Sports - Tennis and Table Tennis,Philpott Tennis - Child,Philpott Tennis,"Mon,Tue,Wed,Thu,Fri",Jul-13-2026 to Jul-24-2026,9,0,10,0,https://anc.ca.apm.activecommunities.com/toronto/activity/search/detail/163715?onlineSiteId=0&from_original_cui=true,72,84,Sports,2026-06-02,This course is not presently available for Internet Registration.
10593,163718,514,Earlscourt Park,Sports - Tennis and Table Tennis,Philpott Tennis - Child,Philpott Tennis,"Mon,Tue,Wed,Thu,Fri",Jul-27-2026 to Aug-07-2026,9,0,10,0,https://anc.ca.apm.activecommunities.com/toronto/activity/search/detail/163718?onlineSiteId=0&from_original_cui=true,72,84,Sports,2026-06-02,This course is not presently available for Internet Registration.
10594,163723,514,Earlscourt Park,Sports - Tennis and Table Tennis,Philpott Tennis - Child,Philpott Tennis,"Mon,Tue,Wed,Thu,Fri",Aug-10-2026 to Aug-14-2026,9,0,10,0,https://anc.ca.apm.activecommunities.com/toronto/activity/search/detail/163723?onlineSiteId=0&from_original_cui=true,72,84,Sports,2026-06-02,This course is not presently available for Internet Registration.
10595,163731,514,Earlscourt Park,Sports - Tennis and Table Tennis,Philpott Tennis - Child,Philpott Tennis,"Mon,Tue,Wed,Thu,Fri",Jun-29-2026 to Jul-10-2026,10,0,11,0,https://anc.ca.apm.activecommunities.com/toronto/activity/search/detail/163731?onlineSiteId=0&from_original_cui=true,96,108,Sports,2026-06-02,This course is not presently available for Internet Registration.
10596,163736,514,Earlscourt Park,Sports - Tennis and Table Tennis,Philpott Tennis - Child,Philpott Tennis,"Mon,Tue,Wed,Thu,Fri",Jul-13-2026 to Jul-24-2026,10,0,11,0,https://anc.ca.apm.activecommunities.com/toronto/activity/search/detail/163736?onlineSiteId=0&from_original_cui=true,96,108,Sports,2026-06-02,This course is not presently available for Internet Registration.
10597,163741,514,Earlscourt Park,Sports - Tennis and Table Tennis,Philpott Tennis - Child,Philpott Tennis,"Mon,Tue,Wed,Thu,Fri",Jul-27-2026 to Aug-07-2026,10,0,11,0,https://anc.ca.apm.activecommunities.com/toronto/activity/search/detail/163741?onlineSiteId=0&from_original_cui=true,96,108,Sports,2026-06-02,This course is not presently available for Internet Registration.
10598,163742,514,Earlscourt Park,Sports - Tennis and Table Tennis,Philpott Tennis - Child,Philpott Tennis,"Mon,Tue,Wed,Thu,Fri",Aug-10-2026 to Aug-14-2026,10,0,11,0,https://anc.ca.apm.activecommunities.com/toronto/activity/search/detail/163742?onlineSiteId=0&from_original_cui=true,96,108,Sports,2026-06-02,This course is not presently available for Internet Registration.
10599,163832,514,Earlscourt Park,Sports - Tennis and Table Tennis,Philpott Tennis - Child,Philpott Tennis,"Mon,Tue,Wed,Thu,Fri",Jun-29-2026 to Jul-10-2026,11,0,12,0,https://anc.ca.apm.activecommunities.com/toronto/activity/search/detail/163832?onlineSiteId=0&from_original_cui=true,120,144,Sports,2026-06-02,This course is not presently available for Internet Registration.
10600,163836,514,Earlscourt Park,Sports - Tennis and Table Tennis,Philpott Tennis - Child,Philpott Tennis,"Mon,Tue,Wed,Thu,Fri",Jul-13-2026 to Jul-24-2026,11,0,12,0,https://anc.ca.apm.activecommunities.com/toronto/activity/search/detail/163836?onlineSiteId=0&from_original_cui=true,120,144,Sports,2026-06-02,This course is not presently available for Internet Registration.
10601,163840,514,Earlscourt Park,Sports - Tennis and Table Tennis,Philpott Tennis - Child,Philpott Tennis,"Mon,Tue,Wed,Thu,Fri",Jul-27-2026 to Aug-07-2026,11,0,12,0,https://anc.ca.apm.activecommunities.com/toronto/activity/search/detail/163840?onlineSiteId=0&from_original_cui=true,120,144,Sports,2026-06-02,This course is not presently available for Internet Registration.
10602,163842,514,Earlscourt Park,Sports - Tennis and Table Tennis,Philpott Tennis - Child,Philpott Tennis,"Mon,Tue,Wed,Thu,Fri",Aug-10-2026 to Aug-14-2026,11,0,12,0,https://anc.ca.apm.activecommunities.com/toronto/activity/search/detail/163842?onlineSiteId=0&from_original_cui=true,120,144,Sports,2026-06-02,This course is not presently available for Internet Registration.
10603,163843,514,Earlscourt Park,Sports - Tennis and Table Tennis,Philpott Tennis - Child,Philpott Tennis,"Mon,Tue,Wed,Thu,Fri",Jun-29-2026 to Jul-10-2026,12,0,13,0,https://anc.ca.apm.activecommunities.com/toronto/activity/search/detail/163843?onlineSiteId=0&from_original_cui=true,156,168,Sports,2026-06-02,This course is not presently available for Internet Registration.
10604,163844,514,Earlscourt Park,Sports - Tennis and Table Tennis,Philpott Tennis - Child,Philpott Tennis,"Mon,Tue,Wed,Thu,Fri",Jul-13-2026 to Jul-24-2026,12,0,13,0,https://anc.ca.apm.activecommunities.com/toronto/activity/search/detail/163844?onlineSiteId=0&from_original_cui=true,156,168,Sports,2026-06-02,This course is not presently available for Internet Registration.
10605,163847,514,Earlscourt Park,Sports - Tennis and Table Tennis,Philpott Tennis - Child,Philpott Tennis,"Mon,Tue,Wed,Thu,Fri",Jul-27-2026 to Aug-07-2026,12,0,13,0,https://anc.ca.apm.activecommunities.com/toronto/activity/search/detail/163847?onlineSiteId=0&from_original_cui=true,156,168,Sports,2026-06-02,This course is not presently available for Internet Registration.
10606,163850,514,Earlscourt Park,Sports - Tennis and Table Tennis,Philpott Tennis - Child,Philpott Tennis,"Mon,Tue,Wed,Thu,Fri",Aug-10-2026 to Aug-14-2026,12,0,13,0,https://anc.ca.apm.activecommunities.com/toronto/activity/search/detail/163850?onlineSiteId=0&from_original_cui=true,156,168,Sports,2026-06-02,This course is not presently available for Internet Registration.
12934,162446,582,Angela James Arena & Tennis Courts,Sports - Tennis and Table Tennis,Philpott Tennis - Child,Philpott Tennis,"Mon,Tue,Wed,Thu,Fri",Jun-29-2026 to Jul-10-2026,9,0,10,0,https://anc.ca.apm.activecommunities.com/toronto/activity/search/detail/162446?onlineSiteId=0&from_original_cui=true,72,84,Sports,2026-06-03,This course is not presently available for Internet Registration.
12935,162449,582,Angela James Arena & Tennis Courts,Sports - Tennis and Table Tennis,Philpott Tennis - Child,Philpott Tennis,"Mon,Tue,Wed,Thu,Fri",Jul-13-2026 to Jul-24-2026,9,0,10,0,https://anc.ca.apm.activecommunities.com/toronto/activity/search/detail/162449?onlineSiteId=0&from_original_cui=true,72,84,Sports,2026-06-03,This course is not presently available for Internet Registration.
12936,162451,582,Angela James Arena & Tennis Courts,Sports - Tennis and Table Tennis,Philpott Tennis - Child,Philpott Tennis,"Mon,Tue,Wed,Thu,Fri",Jul-27-2026 to Aug-07-2026,9,0,10,0,https://anc.ca.apm.activecommunities.com/toronto/activity/search/detail/162451?onlineSiteId=0&from_original_cui=true,72,84,Sports,2026-06-03,This course is not presently available for Internet Registration.
12937,162453,582,Angela James Arena & Tennis Courts,Sports - Tennis and Table Tennis,Philpott Tennis - Child,Philpott Tennis,"Mon,Tue,Wed,Thu,Fri",Aug-10-2026 to Aug-14-2026,9,0,10,0,https://anc.ca.apm.activecommunities.com/toronto/activity/search/detail/162453?onlineSiteId=0&from_original_cui=true,72,84,Sports,2026-06-03,This course is not presently available for Internet Registration.
12938,162454,582,Angela James Arena & Tennis Courts,Sports - Tennis and Table Tennis,Philpott Tennis - Child,Philpott Tennis,"Mon,Tue,Wed,Thu,Fri",Jun-29-2026 to Jul-10-2026,10,0,11,0,https://anc.ca.apm.activecommunities.com/toronto/activity/search/detail/162454?onlineSiteId=0&from_original_cui=true,96,108,Sports,2026-06-03,This course is not presently available for Internet Registration.
12939,162456,582,Angela James Arena & Tennis Courts,Sports - Tennis and Table Tennis,Philpott Tennis - Child,Philpott Tennis,"Mon,Tue,Wed,Thu,Fri",Jul-13-2026 to Jul-24-2026,10,0,11,0,https://anc.ca.apm.activecommunities.com/toronto/activity/search/detail/162456?onlineSiteId=0&from_original_cui=true,96,108,Sports,2026-06-03,This course is not presently available for Internet Registration.
12940,162458,582,Angela James Arena & Tennis Courts,Sports - Tennis and Table Tennis,Philpott Tennis - Child,Philpott Tennis,"Mon,Tue,Wed,Thu,Fri",Jul-27-2026 to Aug-07-2026,10,0,11,0,https://anc.ca.apm.activecommunities.com/toronto/activity/search/detail/162458?onlineSiteId=0&from_original_cui=true,96,108,Sports,2026-06-03,This course is not presently available for Internet Registration.
12941,162459,582,Angela James Arena & Tennis Courts,Sports - Tennis and Table Tennis,Philpott Tennis - Child,Philpott Tennis,"Mon,Tue,Wed,Thu,Fri",Aug-10-2026 to Aug-14-2026,10,0,11,0,https://anc.ca.apm.activecommunities.com/toronto/activity/search/detail/162459?onlineSiteId=0&from_original_cui=true,96,108,Sports,2026-06-03,This course is not presently available for Internet Registration.
12942,162462,582,Angela James Arena & Tennis Courts,Sports - Tennis and Table Tennis,Philpott Tennis - Child,Philpott Tennis,"Mon,Tue,Wed,Thu,Fri",Jun-29-2026 to Jul-10-2026,11,0,12,0,https://anc.ca.apm.activecommunities.com/toronto/activity/search/detail/162462?onlineSiteId=0&from_original_cui=true,120,144,Sports,2026-06-03,This course is not presently available for Internet Registration.
12943,162463,582,Angela James Arena & Tennis Courts,Sports - Tennis and Table Tennis,Philpott Tennis - Child,Philpott Tennis,"Mon,Tue,Wed,Thu,Fri",Jul-13-2026 to Jul-24-2026,11,0,12,0,https://anc.ca.apm.activecommunities.com/toronto/activity/search/detail/162463?onlineSiteId=0&from_original_cui=true,120,144,Sports,2026-06-03,This course is not presently available for Internet Registration.
12944,162465,582,Angela James Arena & Tennis Courts,Sports - Tennis and Table Tennis,Philpott Tennis - Child,Philpott Tennis,"Mon,Tue,Wed,Thu,Fri",Jul-27-2026 to Aug-07-2026,11,0,12,0,https://anc.ca.apm.activecommunities.com/toronto/activity/search/detail/162465?onlineSiteId=0&from_original_cui=true,120,144,Sports,2026-06-03,This course is not presently available for Internet Registration.
12945,162466,582,Angela James Arena & Tennis Courts,Sports - Tennis and Table Tennis,Philpott Tennis - Child,Philpott Tennis,"Mon,Tue,Wed,Thu,Fri",Aug-10-2026 to Aug-14-2026,11,0,12,0,https://anc.ca.apm.activecommunities.com/toronto/activity/search/detail/162466?onlineSiteId=0&from_original_cui=true,120,144,Sports,2026-06-03,This course is not presently available for Internet Registration.
12946,162468,582,Angela James Arena & Tennis Courts,Sports - Tennis and Table Tennis,Philpott Tennis - Youth,Philpott Tennis,"Mon,Tue,Wed,Thu,Fri",Jun-29-2026 to Jul-10-2026,12,0,13,0,https://anc.ca.apm.activecommunities.com/toronto/activity/search/detail/162468?onlineSiteId=0&from_original_cui=true,156,180,Sports,2026-06-03,This course is not presently available for Internet Registration.
12947,162469,582,Angela James Arena & Tennis Courts,Sports - Tennis and Table Tennis,Philpott Tennis - Youth,Philpott Tennis,"Mon,Tue,Wed,Thu,Fri",Jul-13-2026 to Jul-24-2026,12,0,13,0,https://anc.ca.apm.activecommunities.com/toronto/activity/search/detail/162469?onlineSiteId=0&from_original_cui=true,156,180,Sports,2026-06-03,This course is not presently available for Internet Registration.
12948,162471,582,Angela James Arena & Tennis Courts,Sports - Tennis and Table Tennis,Philpott Tennis - Youth,Philpott Tennis,"Mon,Tue,Wed,Thu,Fri",Jul-27-2026 to Aug-07-2026,12,0,13,0,https://anc.ca.apm.activecommunities.com/toronto/activity/search/detail/162471?onlineSiteId=0&from_original_cui=true,156,180,Sports,2026-06-03,This course is not presently available for Internet Registration.
12949,162473,582,Angela James Arena & Tennis Courts,Sports - Tennis and Table Tennis,Philpott Tennis - Youth,Philpott Tennis,"Mon,Tue,Wed,Thu,Fri",Aug-10-2026 to Aug-14-2026,12,0,13,0,https://anc.ca.apm.activecommunities.com/toronto/activity/search/detail/162473?onlineSiteId=0&from_original_cui=true,156,180,Sports,2026-06-03,This course is not presently available for Internet Registration.
13465,137503,638,Glen Long Community Centre,Sports - Tennis and Table Tennis,Tennis: Instructional - Early Child,Tennis: Instructional,Sat,Apr-04-2026 to May-30-2026,13,15,14,0,https://anc.ca.apm.activecommunities.com/toronto/activity/search/detail/137503?onlineSiteId=0&from_original_cui=true,48,60,Sports,2026-03-04,This course has started
13466,137504,638,Glen Long Community Centre,Sports - Tennis and Table Tennis,Tennis: Instructional - Early Child,Tennis: Instructional,Sat,Apr-04-2026 to May-30-2026,16,15,17,0,https://anc.ca.apm.activecommunities.com/toronto/activity/search/detail/137504?onlineSiteId=0&from_original_cui=true,48,60,Sports,2026-03-04,This course has started
13467,137505,638,Glen Long Community Centre,Sports - Tennis and Table Tennis,Tennis: Instructional - Child,Tennis: Instructional,Sat,Apr-04-2026 to May-30-2026,14,0,15,0,https://anc.ca.apm.activecommunities.com/toronto/activity/search/detail/137505?onlineSiteId=0&from_original_cui=true,72,96,Sports,2026-03-04,This course has started
13468,137506,638,Glen Long Community Centre,Sports - Tennis and Table Tennis,Tennis: Instructional - Child/Youth,Tennis: Instructional,Sat,Apr-04-2026 to May-30-2026,15,0,16,0,https://anc.ca.apm.activecommunities.com/toronto/activity/search/detail/137506?onlineSiteId=0&from_original_cui=true,108,168,Sports,2026-03-04,This course has started
13586,139404,643,Goulding Community Recreation Centre,Sports - Tennis and Table Tennis,Tennis: Instructional - Child,Tennis: Instructional,Thu,Apr-02-2026 to May-28-2026,16,30,17,30,https://anc.ca.apm.activecommunities.com/toronto/activity/search/detail/139404?onlineSiteId=0&from_original_cui=true,72,96,Sports,2026-03-04,This course has started
13587,139407,643,Goulding Community Recreation Centre,Sports - Tennis and Table Tennis,Tennis: Instructional - Child,Tennis: Instructional,Thu,Apr-02-2026 to May-28-2026,17,30,18,30,https://anc.ca.apm.activecommunities.com/toronto/activity/search/detail/139407?onlineSiteId=0&from_original_cui=true,108,144,Sports,2026-03-04,This course has started
13734,162805,648,Grandravine Park,Sports - Tennis and Table Tennis,Philpott Tennis - Child,Philpott Tennis,"Mon,Tue,Wed,Thu,Fri",Jun-29-2026 to Jul-10-2026,9,0,10,0,https://anc.ca.apm.activecommunities.com/toronto/activity/search/detail/162805?onlineSiteId=0&from_original_cui=true,72,84,Sports,2026-05-26,This course is not presently available for Internet Registration.
13735,162807,648,Grandravine Park,Sports - Tennis and Table Tennis,Philpott Tennis - Child,Philpott Tennis,"Mon,Tue,Wed,Thu,Fri",Jul-13-2026 to Jul-24-2026,9,0,10,0,https://anc.ca.apm.activecommunities.com/toronto/activity/search/detail/162807?onlineSiteId=0&from_original_cui=true,72,84,Sports,2026-05-26,This course is not presently available for Internet Registration.
13736,162808,648,Grandravine Park,Sports - Tennis and Table Tennis,Philpott Tennis - Child,Philpott Tennis,"Mon,Tue,Wed,Thu,Fri",Jul-27-2026 to Aug-07-2026,9,0,10,0,https://anc.ca.apm.activecommunities.com/toronto/activity/search/detail/162808?onlineSiteId=0&from_original_cui=true,72,84,Sports,2026-05-26,This course is not presently available for Internet Registration.
13737,162809,648,Grandravine Park,Sports - Tennis and Table Tennis,Philpott Tennis - Child,Philpott Tennis,"Mon,Tue,Wed,Thu,Fri",Aug-10-2026 to Aug-21-2026,9,0,10,0,https://anc.ca.apm.activecommunities.com/toronto/activity/search/detail/162809?onlineSiteId=0&from_original_cui=true,72,84,Sports,2026-05-26,This course is not presently available for Internet Registration.
13738,162810,648,Grandravine Park,Sports - Tennis and Table Tennis,Philpott Tennis - Child,Philpott Tennis,"Mon,Tue,Wed,Thu,Fri",Jun-29-2026 to Jul-10-2026,10,0,11,0,https://anc.ca.apm.activecommunities.com/toronto/activity/search/detail/162810?onlineSiteId=0&from_original_cui=true,96,108,Sports,2026-05-26,This course is not presently available for Internet Registration.
13739,162811,648,Grandravine Park,Sports - Tennis and Table Tennis,Philpott Tennis - Child,Philpott Tennis,"Mon,Tue,Wed,Thu,Fri",Jul-13-2026 to Jul-24-2026,10,0,11,0,https://anc.ca.apm.activecommunities.com/toronto/activity/search/detail/162811?onlineSiteId=0&from_original_cui=true,96,108,Sports,2026-05-26,This course is not presently available for Internet Registration.
13740,162812,648,Grandravine Park,Sports - Tennis and Table Tennis,Philpott Tennis - Child,Philpott Tennis,"Mon,Tue,Wed,Thu,Fri",Jul-27-2026 to Aug-07-2026,10,0,11,0,https://anc.ca.apm.activecommunities.com/toronto/activity/search/detail/162812?onlineSiteId=0&from_original_cui=true,96,108,Sports,2026-05-26,This course is not presently available for Internet Registration.
13741,162813,648,Grandravine Park,Sports - Tennis and Table Tennis,Philpott Tennis - Child,Philpott Tennis,"Mon,Tue,Wed,Thu,Fri",Aug-10-2026 to Aug-21-2026,10,0,11,0,https://anc.ca.apm.activecommunities.com/toronto/activity/search/detail/162813?onlineSiteId=0&from_original_cui=true,96,108,Sports,2026-05-26,This course is not presently available for Internet Registration.
13742,162814,648,Grandravine Park,Sports - Tennis and Table Tennis,Philpott Tennis - Child,Philpott Tennis,"Mon,Tue,Wed,Thu,Fri",Jun-29-2026 to Jul-10-2026,11,0,12,0,https://anc.ca.apm.activecommunities.com/toronto/activity/search/detail/162814?onlineSiteId=0&from_original_cui=true,120,144,Sports,2026-05-26,This course is not presently available for Internet Registration.
13743,162815,648,Grandravine Park,Sports - Tennis and Table Tennis,Philpott Tennis - Child,Philpott Tennis,"Mon,Tue,Wed,Thu,Fri",Jul-13-2026 to Jul-24-2026,11,0,12,0,https://anc.ca.apm.activecommunities.com/toronto/activity/search/detail/162815?onlineSiteId=0&from_original_cui=true,120,144,Sports,2026-05-26,This course is not presently available for Internet Registration.
13744,162817,648,Grandravine Park,Sports - Tennis and Table Tennis,Philpott Tennis - Child,Philpott Tennis,"Mon,Tue,Wed,Thu,Fri",Jul-27-2026 to Aug-07-2026,11,0,12,0,https://anc.ca.apm.activecommunities.com/toronto/activity/search/detail/162817?onlineSiteId=0&from_original_cui=true,120,144,Sports,2026-05-26,This course is not presently available for Internet Registration.
13745,162820,648,Grandravine Park,Sports - Tennis and Table Tennis,Philpott Tennis - Child,Philpott Tennis,"Mon,Tue,Wed,Thu,Fri",Aug-10-2026 to Aug-21-2026,11,0,12,0,https://anc.ca.apm.activecommunities.com/toronto/activity/search/detail/162820?onlineSiteId=0&from_original_cui=true,120,144,Sports,2026-05-26,This course is not presently available for Internet Registration.
13746,162822,648,Grandravine Park,Sports - Tennis and Table Tennis,Philpott Tennis - Youth,Philpott Tennis,"Mon,Tue,Wed,Thu,Fri",Jun-29-2026 to Jul-10-2026,12,0,13,0,https://anc.ca.apm.activecommunities.com/toronto/activity/search/detail/162822?onlineSiteId=0&from_original_cui=true,156,180,Sports,2026-05-26,This course is not presently available for Internet Registration.
13747,162823,648,Grandravine Park,Sports - Tennis and Table Tennis,Philpott Tennis - Youth,Philpott Tennis,"Mon,Tue,Wed,Thu,Fri",Jul-13-2026 to Jul-24-2026,12,0,13,0,https://anc.ca.apm.activecommunities.com/toronto/activity/search/detail/162823?onlineSiteId=0&from_original_cui=true,156,180,Sports,2026-05-26,This course is not presently available for Internet Registration.
13748,162825,648,Grandravine Park,Sports - Tennis and Table Tennis,Philpott Tennis - Youth,Philpott Tennis,"Mon,Tue,Wed,Thu,Fri",Jul-27-2026 to Aug-07-2026,12,0,13,0,https://anc.ca.apm.activecommunities.com/toronto/activity/search/detail/162825?onlineSiteId=0&from_original_cui=true,156,180,Sports,2026-05-26,This course is not presently available for Internet Registration.
13749,162827,648,Grandravine Park,Sports - Tennis and Table Tennis,Philpott Tennis - Youth,Philpott Tennis,"Mon,Tue,Wed,Thu,Fri",Aug-10-2026 to Aug-21-2026,12,0,13,0,https://anc.ca.apm.activecommunities.com/toronto/activity/search/detail/162827?onlineSiteId=0&from_original_cui=true,156,180,Sports,2026-05-26,This course is not presently available for Internet Registration.
13764,162434,665,Irving W. Chapley Park,Sports - Tennis and Table Tennis,Philpott Tennis - Child,Philpott Tennis,"Mon,Tue,Wed,Thu,Fri",Jun-29-2026 to Jul-10-2026,9,0,10,0,https://anc.ca.apm.activecommunities.com/toronto/activity/search/detail/162434?onlineSiteId=0&from_original_cui=true,72,84,Sports,2026-06-03,This course is not presently available for Internet Registration.
13765,162438,665,Irving W. Chapley Park,Sports - Tennis and Table Tennis,Philpott Tennis - Child,Philpott Tennis,"Mon,Tue,Wed,Thu,Fri",Jun-29-2026 to Jul-10-2026,10,0,11,0,https://anc.ca.apm.activecommunities.com/toronto/activity/search/detail/162438?onlineSiteId=0&from_original_cui=true,96,108,Sports,2026-06-03,This course is not presently available for Internet Registration.
13766,162441,665,Irving W. Chapley Park,Sports - Tennis and Table Tennis,Philpott Tennis - Child,Philpott Tennis,"Mon,Tue,Wed,Thu,Fri",Jun-29-2026 to Jul-10-2026,11,0,12,0,https://anc.ca.apm.activecommunities.com/toronto/activity/search/detail/162441?onlineSiteId=0&from_original_cui=true,120,144,Sports,2026-06-03,This course is not presently available for Internet Registration.
13767,162443,665,Irving W. Chapley Park,Sports - Tennis and Table Tennis,Philpott Tennis - Youth,Philpott Tennis,"Mon,Tue,Wed,Thu,Fri",Jun-29-2026 to Jul-10-2026,12,0,13,0,https://anc.ca.apm.activecommunities.com/toronto/activity/search/detail/162443?onlineSiteId=0&from_original_cui=true,156,180,Sports,2026-06-03,This course is not presently available for Internet Registration.
13768,162448,665,Irving W. Chapley Park,Sports - Tennis and Table Tennis,Philpott Tennis - Child,Philpott Tennis,"Mon,Tue,Wed,Thu,Fri",Jul-13-2026 to Jul-24-2026,9,0,10,0,https://anc.ca.apm.activecommunities.com/toronto/activity/search/detail/162448?onlineSiteId=0&from_original_cui=true,72,84,Sports,2026-06-03,This course is not presently available for Internet Registration.
13769,162452,665,Irving W. Chapley Park,Sports - Tennis and Table Tennis,Philpott Tennis - Child,Philpott Tennis,"Mon,Tue,Wed,Thu,Fri",Jul-13-2026 to Jul-24-2026,10,0,11,0,https://anc.ca.apm.activecommunities.com/toronto/activity/search/detail/162452?onlineSiteId=0&from_original_cui=true,96,108,Sports,2026-06-03,This course is not presently available for Internet Registration.
13770,162457,665,Irving W. Chapley Park,Sports - Tennis and Table Tennis,Philpott Tennis - Child,Philpott Tennis,"Mon,Tue,Wed,Thu,Fri",Jul-13-2026 to Jul-24-2026,11,0,12,0,https://anc.ca.apm.activecommunities.com/toronto/activity/search/detail/162457?onlineSiteId=0&from_original_cui=true,120,144,Sports,2026-06-03,This course is not presently available for Internet Registration.
13771,162460,665,Irving W. Chapley Park,Sports - Tennis and Table Tennis,Philpott Tennis - Youth,Philpott Tennis,"Mon,Tue,Wed,Thu,Fri",Jul-13-2026 to Jul-24-2026,12,0,13,0,https://anc.ca.apm.activecommunities.com/toronto/activity/search/detail/162460?onlineSiteId=0&from_original_cui=true,156,180,Sports,2026-06-03,This course is not presently available for Internet Registration.
13772,162470,665,Irving W. Chapley Park,Sports - Tennis and Table Tennis,Philpott Tennis - Child,Philpott Tennis,"Mon,Tue,Wed,Thu,Fri",Jul-27-2026 to Aug-07-2026,9,0,10,0,https://anc.ca.apm.activecommunities.com/toronto/activity/search/detail/162470?onlineSiteId=0&from_original_cui=true,72,84,Sports,2026-06-03,This course is not presently available for Internet Registration.
13773,162474,665,Irving W. Chapley Park,Sports - Tennis and Table Tennis,Philpott Tennis - Child,Philpott Tennis,"Mon,Tue,Wed,Thu,Fri",Jul-27-2026 to Aug-07-2026,10,0,11,0,https://anc.ca.apm.activecommunities.com/toronto/activity/search/detail/162474?onlineSiteId=0&from_original_cui=true,96,108,Sports,2026-06-03,This course is not presently available for Internet Registration.
13774,162475,665,Irving W. Chapley Park,Sports - Tennis and Table Tennis,Philpott Tennis - Child,Philpott Tennis,"Mon,Tue,Wed,Thu,Fri",Jul-27-2026 to Aug-07-2026,11,0,12,0,https://anc.ca.apm.activecommunities.com/toronto/activity/search/detail/162475?onlineSiteId=0&from_original_cui=true,120,144,Sports,2026-06-03,This course is not presently available for Internet Registration.
13775,162478,665,Irving W. Chapley Park,Sports - Tennis and Table Tennis,Philpott Tennis - Youth,Philpott Tennis,"Mon,Tue,Wed,Thu,Fri",Jul-27-2026 to Aug-07-2026,12,0,13,0,https://anc.ca.apm.activecommunities.com/toronto/activity/search/detail/162478?onlineSiteId=0&from_original_cui=true,156,180,Sports,2026-06-03,This course is not presently available for Internet Registration.
13776,162480,665,Irving W. Chapley Park,Sports - Tennis and Table Tennis,Philpott Tennis - Child,Philpott Tennis,"Mon,Tue,Wed,Thu,Fri",Aug-10-2026 to Aug-21-2026,9,0,10,0,https://anc.ca.apm.activecommunities.com/toronto/activity/search/detail/162480?onlineSiteId=0&from_original_cui=true,72,84,Sports,2026-06-03,This course is not presently available for Internet Registration.
13777,162482,665,Irving W. Chapley Park,Sports - Tennis and Table Tennis,Philpott Tennis - Child,Philpott Tennis,"Mon,Tue,Wed,Thu,Fri",Aug-10-2026 to Aug-21-2026,10,0,11,0,https://anc.ca.apm.activecommunities.com/toronto/activity/search/detail/162482?onlineSiteId=0&from_original_cui=true,96,108,Sports,2026-06-03,This course is not presently available for Internet Registration.
13778,162483,665,Irving W. Chapley Park,Sports - Tennis and Table Tennis,Philpott Tennis - Child,Philpott Tennis,"Mon,Tue,Wed,Thu,Fri",Aug-10-2026 to Aug-21-2026,11,0,12,0,https://anc.ca.apm.activecommunities.com/toronto/activity/search/detail/162483?onlineSiteId=0&from_original_cui=true,120,144,Sports,2026-06-03,This course is not presently available for Internet Registration.
13779,162485,665,Irving W. Chapley Park,Sports - Tennis and Table Tennis,Philpott Tennis - Youth,Philpott Tennis,"Mon,Tue,Wed,Thu,Fri",Aug-10-2026 to Aug-21-2026,12,0,13,0,https://anc.ca.apm.activecommunities.com/toronto/activity/search/detail/162485?onlineSiteId=0&from_original_cui=true,156,180,Sports,2026-06-03,This course is not presently available for Internet Registration.
14083,157064,699,L'Amoreaux Tennis Centre,Sports - Tennis and Table Tennis,Tennis: Instructional - Child,Tennis: Instructional,Tue,May-12-2026 to Jul-07-2026,17,15,18,0,https://anc.ca.apm.activecommunities.com/toronto/activity/search/detail/157064?onlineSiteId=0&from_original_cui=true,72,96,Sports,2026-03-04,This course has started
14084,157068,699,L'Amoreaux Tennis Centre,Sports - Tennis and Table Tennis,Tennis: Instructional - Child/Youth,Tennis: Instructional,Tue,May-12-2026 to Jul-07-2026,18,0,19,0,https://anc.ca.apm.activecommunities.com/toronto/activity/search/detail/157068?onlineSiteId=0&from_original_cui=true,108,144,Sports,2026-03-04,This course has started
14085,157069,699,L'Amoreaux Tennis Centre,Sports - Tennis and Table Tennis,Tennis: Instructional - Adult,Tennis: Instructional,Tue,May-12-2026 to Jul-07-2026,19,0,20,0,https://anc.ca.apm.activecommunities.com/toronto/activity/search/detail/157069?onlineSiteId=0&from_original_cui=true,216,1188,Sports,2026-03-04,This course has started
14086,157070,699,L'Amoreaux Tennis Centre,Sports - Tennis and Table Tennis,Tennis: Instructional - Child,Tennis: Instructional,Sat,May-16-2026 to Jul-04-2026,10,0,11,0,https://anc.ca.apm.activecommunities.com/toronto/activity/search/detail/157070?onlineSiteId=0&from_original_cui=true,108,144,Sports,2026-03-04,This course has started
14087,157071,699,L'Amoreaux Tennis Centre,Sports - Tennis and Table Tennis,Tennis: Instructional - Child,Tennis: Instructional,Sat,May-16-2026 to Jul-11-2026,11,0,12,0,https://anc.ca.apm.activecommunities.com/toronto/activity/search/detail/157071?onlineSiteId=0&from_original_cui=true,72,96,Sports,2026-03-04,This course has started
14088,157072,699,L'Amoreaux Tennis Centre,Sports - Tennis and Table Tennis,Tennis: Instructional - Early Child,Tennis: Instructional,Sat,May-16-2026 to Jul-11-2026,12,0,12,45,https://anc.ca.apm.activecommunities.com/toronto/activity/search/detail/157072?onlineSiteId=0&from_original_cui=true,48,60,Sports,2026-03-04,This course has started
14089,157073,699,L'Amoreaux Tennis Centre,Sports - Tennis and Table Tennis,Tennis: Instructional - Youth,Tennis: Instructional,Sat,May-16-2026 to Jul-11-2026,13,0,14,0,https://anc.ca.apm.activecommunities.com/toronto/activity/search/detail/157073?onlineSiteId=0&from_original_cui=true,156,204,Sports,2026-03-04,This course has started
14090,157075,699,L'Amoreaux Tennis Centre,Sports - Tennis and Table Tennis,Tennis: Instructional - Child,Tennis: Instructional,Sat,May-16-2026 to Jul-11-2026,9,0,10,0,https://anc.ca.apm.activecommunities.com/toronto/activity/search/detail/157075?onlineSiteId=0&from_original_cui=true,108,144,Sports,2026-03-04,This course has started
14091,157076,699,L'Amoreaux Tennis Centre,Sports - Tennis and Table Tennis,Tennis: Instructional - Early Child,Tennis: Instructional,Sat,May-16-2026 to Jul-11-2026,8,15,9,0,https://anc.ca.apm.activecommunities.com/toronto/activity/search/detail/157076?onlineSiteId=0&from_original_cui=true,48,60,Sports,2026-03-04,This course has started
14351,142335,712,Don Montgomery Community Recreation Centre,Sports - Tennis and Table Tennis,Philpott Tennis - Child,Philpott Tennis,Sat,Mar-28-2026 to May-30-2026,11,0,12,0,https://anc.ca.apm.activecommunities.com/toronto/activity/search/detail/142335?onlineSiteId=0&from_original_cui=true,72,108,Sports,2026-02-24,This course has started
14352,142341,712,Don Montgomery Community Recreation Centre,Sports - Tennis and Table Tennis,Philpott Tennis - Child,Philpott Tennis,Sat,Mar-28-2026 to May-23-2026,12,0,13,0,https://anc.ca.apm.activecommunities.com/toronto/activity/search/detail/142341?onlineSiteId=0&from_original_cui=true,120,144,Sports,2026-02-24,This course has started
14353,142347,712,Don Montgomery Community Recreation Centre,Sports - Tennis and Table Tennis,Philpott Tennis - Youth,Philpott Tennis,Sat,Mar-28-2026 to May-23-2026,13,0,14,0,https://anc.ca.apm.activecommunities.com/toronto/activity/search/detail/142347?onlineSiteId=0&from_original_cui=true,156,204,Sports,2026-02-24,This course has started
14496,170654,712,Don Montgomery Community Recreation Centre,Sports - Tennis and Table Tennis,Philpott Tennis - Child,Philpott Tennis,Sat,Jul-04-2026 to Aug-29-2026,11,0,12,0,https://anc.ca.apm.activecommunities.com/toronto/activity/search/detail/170654?onlineSiteId=0&from_original_cui=true,72,108,Sports,2026-05-26,This course is not presently available for Internet Registration.
14497,170657,712,Don Montgomery Community Recreation Centre,Sports - Tennis and Table Tennis,Philpott Tennis - Child,Philpott Tennis,Sat,Jul-04-2026 to Aug-29-2026,12,0,13,0,https://anc.ca.apm.activecommunities.com/toronto/activity/search/detail/170657?onlineSiteId=0&from_original_cui=true,120,144,Sports,2026-05-26,This course is not presently available for Internet Registration.
14498,170660,712,Don Montgomery Community Recreation Centre,Sports - Tennis and Table Tennis,Philpott Tennis - Youth,Philpott Tennis,Sat,Jul-04-2026 to Aug-29-2026,13,0,14,0,https://anc.ca.apm.activecommunities.com/toronto/activity/search/detail/170660?onlineSiteId=0&from_original_cui=true,156,180,Sports,2026-05-26,This course is not presently available for Internet Registration.
15069,132374,750,Elmbank Community Centre,Sports - Tennis and Table Tennis,Table Tennis: Recreational - Adult,Table Tennis: Recreational,Mon,Mar-30-2026 to Jun-01-2026,19,45,20,45,https://anc.ca.apm.activecommunities.com/toronto/activity/search/detail/132374?onlineSiteId=0&from_original_cui=true,228,None,Sports,2026-02-24,This course has started
15078,132492,750,Elmbank Community Centre,Sports - Tennis and Table Tennis,Table Tennis: Recreational - Adult,Table Tennis: Recreational,Thu,Apr-02-2026 to May-28-2026,19,45,20,45,https://anc.ca.apm.activecommunities.com/toronto/activity/search/detail/132492?onlineSiteId=0&from_original_cui=true,228,None,Sports,2026-02-24,This course has started
15193,130506,755,Humberwood Community Centre,Sports - Tennis and Table Tennis,Tennis: Instructional - Child,Tennis: Instructional,Sat,Apr-11-2026 to Jun-06-2026,10,0,11,0,https://anc.ca.apm.activecommunities.com/toronto/activity/search/detail/130506?onlineSiteId=0&from_original_cui=true,72,96,Sports,2026-03-03,This course has started
15194,130507,755,Humberwood Community Centre,Sports - Tennis and Table Tennis,Tennis: Instructional - Child,Tennis: Instructional,Sat,Apr-11-2026 to Jun-06-2026,11,0,12,0,https://anc.ca.apm.activecommunities.com/toronto/activity/search/detail/130507?onlineSiteId=0&from_original_cui=true,108,144,Sports,2026-03-03,This course has started
15568,135803,793,Ourland Community Centre,Sports - Tennis and Table Tennis,Tennis: Instructional - Child,Tennis: Instructional,Sat,Mar-28-2026 to May-23-2026,9,30,10,30,https://anc.ca.apm.activecommunities.com/toronto/activity/search/detail/135803?onlineSiteId=0&from_original_cui=true,84,144,Sports,2026-03-03,This course has started
15569,135812,793,Ourland Community Centre,Sports - Tennis and Table Tennis,Tennis: Instructional - Adult,Tennis: Instructional,Sat,Mar-28-2026 to May-23-2026,8,0,9,30,https://anc.ca.apm.activecommunities.com/toronto/activity/search/detail/135812?onlineSiteId=0&from_original_cui=true,228,None,Sports,2026-03-03,This course has started
15570,135822,793,Ourland Community Centre,Sports - Tennis and Table Tennis,Tennis: Instructional - Adult,Tennis: Instructional,Sat,Mar-28-2026 to May-23-2026,10,30,12,0,https://anc.ca.apm.activecommunities.com/toronto/activity/search/detail/135822?onlineSiteId=0&from_original_cui=true,228,None,Sports,2026-03-03,This course has started
15940,142941,797,Norseman Community School and Pool,Sports - Tennis and Table Tennis,Tennis: Instructional - Child,Tennis: Instructional,Thu,Apr-02-2026 to Jun-04-2026,18,15,19,15,https://anc.ca.apm.activecommunities.com/toronto/activity/search/detail/142941?onlineSiteId=0&from_original_cui=true,72,108,Sports,2026-03-03,This course has started
15941,142943,797,Norseman Community School and Pool,Sports - Tennis and Table Tennis,Tennis: Instructional - Child,Tennis: Instructional,Thu,Apr-02-2026 to Jun-04-2026,19,15,20,15,https://anc.ca.apm.activecommunities.com/toronto/activity/search/detail/142943?onlineSiteId=0&from_original_cui=true,108,144,Sports,2026-03-03,This course has started
15942,142944,797,Norseman Community School and Pool,Sports - Tennis and Table Tennis,Tennis: Instructional - Adult,Tennis: Instructional,Thu,Apr-02-2026 to Jun-04-2026,20,15,21,15,https://anc.ca.apm.activecommunities.com/toronto/activity/search/detail/142944?onlineSiteId=0&from_original_cui=true,228,None,Sports,2026-03-03,This course has started
17694,140544,892,Etobicoke Olympium,Sports - Tennis and Table Tennis,Tennis - Private - All Ages,Tennis - Private,Sat,Apr-18-2026 to Jun-20-2026,8,30,9,0,https://anc.ca.apm.activecommunities.com/toronto/activity/search/detail/140544?onlineSiteId=0&from_original_cui=true,None,None,Sports,2026-03-03,This course has started
17695,140636,892,Etobicoke Olympium,Sports - Tennis and Table Tennis,Tennis - Private - All Ages,Tennis - Private,Sat,Apr-18-2026 to Jun-20-2026,9,0,9,30,https://anc.ca.apm.activecommunities.com/toronto/activity/search/detail/140636?onlineSiteId=0&from_original_cui=true,None,None,Sports,2026-03-03,This course has started
17696,140657,892,Etobicoke Olympium,Sports - Tennis and Table Tennis,Tennis - Private - All Ages,Tennis - Private,Sat,Apr-18-2026 to Jun-20-2026,14,45,15,15,https://anc.ca.apm.activecommunities.com/toronto/activity/search/detail/140657?onlineSiteId=0&from_original_cui=true,None,None,Sports,2026-03-03,This course has started
17697,140687,892,Etobicoke Olympium,Sports - Tennis and Table Tennis,Tennis - Private - All Ages,Tennis - Private,Sat,Apr-18-2026 to Jun-20-2026,15,30,16,0,https://anc.ca.apm.activecommunities.com/toronto/activity/search/detail/140687?onlineSiteId=0&from_original_cui=true,None,None,Sports,2026-03-03,This course has started
17698,140716,892,Etobicoke Olympium,Sports - Tennis and Table Tennis,Tennis - Private - All Ages,Tennis - Private,Sat,Apr-18-2026 to Jun-20-2026,16,0,16,30,https://anc.ca.apm.activecommunities.com/toronto/activity/search/detail/140716?onlineSiteId=0&from_original_cui=true,None,None,Sports,2026-03-03,This course has started
17699,140721,892,Etobicoke Olympium,Sports - Tennis and Table Tennis,Tennis: Instructional - Adult,Tennis: Instructional,Mon,Mar-30-2026 to Jun-08-2026,9,0,10,30,https://anc.ca.apm.activecommunities.com/toronto/activity/search/detail/140721?onlineSiteId=0&from_original_cui=true,228,None,Sports,2026-03-03,This course has started
17700,140729,892,Etobicoke Olympium,Sports - Tennis and Table Tennis,Tennis: Instructional - Adult,Tennis: Instructional,Mon,Mar-30-2026 to Jun-08-2026,10,30,12,0,https://anc.ca.apm.activecommunities.com/toronto/activity/search/detail/140729?onlineSiteId=0&from_original_cui=true,228,None,Sports,2026-03-03,This course has started
17701,140733,892,Etobicoke Olympium,Sports - Tennis and Table Tennis,Tennis: Instructional - Adult,Tennis: Instructional,Mon,Mar-30-2026 to Jun-08-2026,12,30,14,0,https://anc.ca.apm.activecommunities.com/toronto/activity/search/detail/140733?onlineSiteId=0&from_original_cui=true,228,None,Sports,2026-03-03,This course has started
17702,140746,892,Etobicoke Olympium,Sports - Tennis and Table Tennis,Tennis: Instructional - Adult,Tennis: Instructional,Fri,Apr-17-2026 to Jun-12-2026,17,0,18,0,https://anc.ca.apm.activecommunities.com/toronto/activity/search/detail/140746?onlineSiteId=0&from_original_cui=true,228,None,Sports,2026-03-03,This course has started
17703,140750,892,Etobicoke Olympium,Sports - Tennis and Table Tennis,Tennis: Instructional - Early Child,Tennis: Instructional,Fri,Apr-17-2026 to Jun-12-2026,16,15,17,0,https://anc.ca.apm.activecommunities.com/toronto/activity/search/detail/140750?onlineSiteId=0&from_original_cui=true,48,60,Sports,2026-03-03,This course has started
17704,140775,892,Etobicoke Olympium,Sports - Tennis and Table Tennis,Tennis: Instructional - Adult,Tennis: Instructional,Tue,Mar-31-2026 to May-26-2026,12,15,13,45,https://anc.ca.apm.activecommunities.com/toronto/activity/search/detail/140775?onlineSiteId=0&from_original_cui=true,228,None,Sports,2026-03-03,This course has started
17705,140790,892,Etobicoke Olympium,Sports - Tennis and Table Tennis,Tennis: Instructional - Adult,Tennis: Instructional,Tue,Mar-31-2026 to May-26-2026,13,45,15,15,https://anc.ca.apm.activecommunities.com/toronto/activity/search/detail/140790?onlineSiteId=0&from_original_cui=true,228,None,Sports,2026-03-03,This course has started
17706,141050,892,Etobicoke Olympium,Sports - Tennis and Table Tennis,Tennis: Instructional - Adult,Tennis: Instructional,Thu,Apr-02-2026 to May-28-2026,9,0,10,30,https://anc.ca.apm.activecommunities.com/toronto/activity/search/detail/141050?onlineSiteId=0&from_original_cui=true,228,None,Sports,2026-03-03,This course has started
17707,141056,892,Etobicoke Olympium,Sports - Tennis and Table Tennis,Tennis: Instructional - Adult,Tennis: Instructional,Thu,Apr-02-2026 to May-28-2026,10,30,12,0,https://anc.ca.apm.activecommunities.com/toronto/activity/search/detail/141056?onlineSiteId=0&from_original_cui=true,228,None,Sports,2026-03-03,This course has started
17708,141063,892,Etobicoke Olympium,Sports - Tennis and Table Tennis,Tennis: Instructional - Adult,Tennis: Instructional,Thu,Apr-02-2026 to May-28-2026,12,30,14,0,https://anc.ca.apm.activecommunities.com/toronto/activity/search/detail/141063?onlineSiteId=0&from_original_cui=true,228,None,Sports,2026-03-03,This course has started
17709,141094,892,Etobicoke Olympium,Sports - Tennis and Table Tennis,Tennis: Instructional - Early Child,Tennis: Instructional,Sat,Apr-18-2026 to Jun-20-2026,9,30,10,15,https://anc.ca.apm.activecommunities.com/toronto/activity/search/detail/141094?onlineSiteId=0&from_original_cui=true,48,60,Sports,2026-03-03,This course has started
17710,141289,892,Etobicoke Olympium,Sports - Tennis and Table Tennis,Tennis: Instructional - Early Child,Tennis: Instructional,Sat,Apr-18-2026 to Jun-20-2026,10,30,11,15,https://anc.ca.apm.activecommunities.com/toronto/activity/search/detail/141289?onlineSiteId=0&from_original_cui=true,48,60,Sports,2026-03-03,This course has started
17711,141336,892,Etobicoke Olympium,Sports - Tennis and Table Tennis,Tennis: Instructional - Child,Tennis: Instructional,Sat,Apr-18-2026 to Jun-20-2026,11,15,12,15,https://anc.ca.apm.activecommunities.com/toronto/activity/search/detail/141336?onlineSiteId=0&from_original_cui=true,72,96,Sports,2026-03-03,This course has started
17712,141371,892,Etobicoke Olympium,Sports - Tennis and Table Tennis,Tennis: Instructional - Child,Tennis: Instructional,Sat,Apr-18-2026 to Jun-20-2026,12,45,13,45,https://anc.ca.apm.activecommunities.com/toronto/activity/search/detail/141371?onlineSiteId=0&from_original_cui=true,108,144,Sports,2026-03-03,This course has started
17713,141521,892,Etobicoke Olympium,Sports - Tennis and Table Tennis,Tennis: Instructional - Youth,Tennis: Instructional,Sat,Apr-18-2026 to Jun-20-2026,13,45,14,45,https://anc.ca.apm.activecommunities.com/toronto/activity/search/detail/141521?onlineSiteId=0&from_original_cui=true,156,216,Sports,2026-03-03,This course has started
17714,141557,892,Etobicoke Olympium,Sports - Tennis and Table Tennis,Tennis: Instructional - Advanced - Small Group - Adult,Tennis: Instructional - Advanced - Small Group,Wed,Apr-01-2026 to May-27-2026,13,45,15,15,https://anc.ca.apm.activecommunities.com/toronto/activity/search/detail/141557?onlineSiteId=0&from_original_cui=true,228,None,Sports,2026-03-03,This course has started
17715,141567,892,Etobicoke Olympium,Sports - Tennis and Table Tennis,Tennis: Instructional - Advanced - Small Group - Adult,Tennis: Instructional - Advanced - Small Group,Fri,Apr-17-2026 to Jun-12-2026,8,45,10,15,https://anc.ca.apm.activecommunities.com/toronto/activity/search/detail/141567?onlineSiteId=0&from_original_cui=true,228,None,Sports,2026-03-03,This course has started
17716,141577,892,Etobicoke Olympium,Sports - Tennis and Table Tennis,Tennis: Instructional - Advanced - Small Group - Adult,Tennis: Instructional - Advanced - Small Group,Fri,Apr-17-2026 to Jun-12-2026,10,15,11,45,https://anc.ca.apm.activecommunities.com/toronto/activity/search/detail/141577?onlineSiteId=0&from_original_cui=true,228,None,Sports,2026-03-03,This course has started
17717,141589,892,Etobicoke Olympium,Sports - Tennis and Table Tennis,Tennis: Instructional - Advanced - Small Group - Adult,Tennis: Instructional - Advanced - Small Group,Tue,Mar-31-2026 to May-26-2026,10,15,11,45,https://anc.ca.apm.activecommunities.com/toronto/activity/search/detail/141589?onlineSiteId=0&from_original_cui=true,228,None,Sports,2026-03-03,This course has started
17718,142120,892,Etobicoke Olympium,Sports - Tennis and Table Tennis,Tennis: Instructional - Intermediate - Small Group - Adult,Tennis: Instructional - Intermediate - Small Group,Fri,Apr-17-2026 to Jun-12-2026,11,45,13,15,https://anc.ca.apm.activecommunities.com/toronto/activity/search/detail/142120?onlineSiteId=0&from_original_cui=true,228,None,Sports,2026-03-03,This course has started
17719,142124,892,Etobicoke Olympium,Sports - Tennis and Table Tennis,Tennis: Instructional - Intermediate - Small Group - Adult,Tennis: Instructional - Intermediate - Small Group,Tue,Mar-31-2026 to May-26-2026,8,45,10,15,https://anc.ca.apm.activecommunities.com/toronto/activity/search/detail/142124?onlineSiteId=0&from_original_cui=true,228,None,Sports,2026-03-03,This course has started
17720,142135,892,Etobicoke Olympium,Sports - Tennis and Table Tennis,Tennis: Instructional - Intermediate - Small Group - Adult,Tennis: Instructional - Intermediate - Small Group,Thu,Apr-02-2026 to May-28-2026,14,0,15,30,https://anc.ca.apm.activecommunities.com/toronto/activity/search/detail/142135?onlineSiteId=0&from_original_cui=true,228,None,Sports,2026-03-03,This course has started
17721,142230,892,Etobicoke Olympium,Sports - Tennis and Table Tennis,Tennis: Instructional - Intermediate - Small Group - Adult,Tennis: Instructional - Intermediate - Small Group,Mon,Mar-30-2026 to Jun-08-2026,14,0,15,30,https://anc.ca.apm.activecommunities.com/toronto/activity/search/detail/142230?onlineSiteId=0&from_original_cui=true,228,None,Sports,2026-03-03,This course has started
17722,142238,892,Etobicoke Olympium,Sports - Tennis and Table Tennis,Tennis: Instructional - Intermediate - Small Group - Adult,Tennis: Instructional - Intermediate - Small Group,Wed,Apr-01-2026 to May-27-2026,8,45,10,15,https://anc.ca.apm.activecommunities.com/toronto/activity/search/detail/142238?onlineSiteId=0&from_original_cui=true,228,None,Sports,2026-03-03,This course has started
17723,142240,892,Etobicoke Olympium,Sports - Tennis and Table Tennis,Tennis: Instructional - Intermediate - Small Group - Adult,Tennis: Instructional - Intermediate - Small Group,Wed,Apr-01-2026 to May-27-2026,10,15,11,45,https://anc.ca.apm.activecommunities.com/toronto/activity/search/detail/142240?onlineSiteId=0&from_original_cui=true,228,None,Sports,2026-03-03,This course has started
17724,142245,892,Etobicoke Olympium,Sports - Tennis and Table Tennis,Tennis: Instructional - Intermediate - Small Group - Adult,Tennis: Instructional - Intermediate - Small Group,Wed,Apr-01-2026 to May-27-2026,12,15,13,45,https://anc.ca.apm.activecommunities.com/toronto/activity/search/detail/142245?onlineSiteId=0&from_original_cui=true,228,None,Sports,2026-03-03,This course has started
17725,142255,892,Etobicoke Olympium,Sports - Tennis and Table Tennis,Tennis: Instructional - Intermediate - Adult,Tennis: Instructional - Intermediate,Fri,Apr-17-2026 to Jun-12-2026,18,15,19,45,https://anc.ca.apm.activecommunities.com/toronto/activity/search/detail/142255?onlineSiteId=0&from_original_cui=true,228,None,Sports,2026-03-03,This course has started
17738,143046,892,Etobicoke Olympium,Sports - Tennis and Table Tennis,Tennis: Recreational - Adult,Tennis: Recreational,Mon,Mar-30-2026 to Jun-08-2026,15,45,16,45,https://anc.ca.apm.activecommunities.com/toronto/activity/search/detail/143046?onlineSiteId=0&from_original_cui=true,228,None,Sports,2026-03-03,This course has started
17739,143048,892,Etobicoke Olympium,Sports - Tennis and Table Tennis,Tennis: Recreational - Adult,Tennis: Recreational,Thu,Apr-02-2026 to Jun-04-2026,15,45,16,45,https://anc.ca.apm.activecommunities.com/toronto/activity/search/detail/143048?onlineSiteId=0&from_original_cui=true,228,None,Sports,2026-03-03,This course has started
19409,162860,959,Kingsview Park,Sports - Tennis and Table Tennis,Philpott Tennis - Child,Philpott Tennis,"Mon,Tue,Wed,Thu,Fri",Jun-29-2026 to Jul-10-2026,9,0,10,0,https://anc.ca.apm.activecommunities.com/toronto/activity/search/detail/162860?onlineSiteId=0&from_original_cui=true,72,84,Sports,2026-05-26,This course is not presently available for Internet Registration.
19410,162867,959,Kingsview Park,Sports - Tennis and Table Tennis,Philpott Tennis - Child,Philpott Tennis,"Mon,Tue,Wed,Thu,Fri",Jul-27-2026 to Aug-07-2026,9,0,10,0,https://anc.ca.apm.activecommunities.com/toronto/activity/search/detail/162867?onlineSiteId=0&from_original_cui=true,72,84,Sports,2026-05-26,This course is not presently available for Internet Registration.
19411,162868,959,Kingsview Park,Sports - Tennis and Table Tennis,Philpott Tennis - Child,Philpott Tennis,"Mon,Tue,Wed,Thu,Fri",Jul-13-2026 to Jul-24-2026,9,0,10,0,https://anc.ca.apm.activecommunities.com/toronto/activity/search/detail/162868?onlineSiteId=0&from_original_cui=true,72,84,Sports,2026-05-26,This course is not presently available for Internet Registration.
19412,162880,959,Kingsview Park,Sports - Tennis and Table Tennis,Philpott Tennis - Child,Philpott Tennis,"Mon,Tue,Wed,Thu,Fri",Aug-10-2026 to Aug-14-2026,9,0,10,0,https://anc.ca.apm.activecommunities.com/toronto/activity/search/detail/162880?onlineSiteId=0&from_original_cui=true,72,84,Sports,2026-05-26,This course is not presently available for Internet Registration.
19413,162901,959,Kingsview Park,Sports - Tennis and Table Tennis,Philpott Tennis - Child,Philpott Tennis,"Mon,Tue,Wed,Thu,Fri",Jun-29-2026 to Jul-10-2026,10,0,11,0,https://anc.ca.apm.activecommunities.com/toronto/activity/search/detail/162901?onlineSiteId=0&from_original_cui=true,96,108,Sports,2026-05-26,This course is not presently available for Internet Registration.
19414,162903,959,Kingsview Park,Sports - Tennis and Table Tennis,Philpott Tennis - Child,Philpott Tennis,"Mon,Tue,Wed,Thu,Fri",Jul-13-2026 to Jul-24-2026,10,0,11,0,https://anc.ca.apm.activecommunities.com/toronto/activity/search/detail/162903?onlineSiteId=0&from_original_cui=true,96,108,Sports,2026-05-26,This course is not presently available for Internet Registration.
19415,162906,959,Kingsview Park,Sports - Tennis and Table Tennis,Philpott Tennis - Child,Philpott Tennis,"Mon,Tue,Wed,Thu,Fri",Jul-27-2026 to Aug-07-2026,10,0,11,0,https://anc.ca.apm.activecommunities.com/toronto/activity/search/detail/162906?onlineSiteId=0&from_original_cui=true,96,108,Sports,2026-05-26,This course is not presently available for Internet Registration.
19416,162907,959,Kingsview Park,Sports - Tennis and Table Tennis,Philpott Tennis - Child,Philpott Tennis,"Mon,Tue,Wed,Thu,Fri",Aug-10-2026 to Aug-14-2026,10,0,11,0,https://anc.ca.apm.activecommunities.com/toronto/activity/search/detail/162907?onlineSiteId=0&from_original_cui=true,96,108,Sports,2026-05-26,This course is not presently available for Internet Registration.
19417,162917,959,Kingsview Park,Sports - Tennis and Table Tennis,Philpott Tennis - Child,Philpott Tennis,"Mon,Tue,Wed,Thu,Fri",Jun-29-2026 to Jul-10-2026,11,0,12,0,https://anc.ca.apm.activecommunities.com/toronto/activity/search/detail/162917?onlineSiteId=0&from_original_cui=true,120,144,Sports,2026-05-26,This course is not presently available for Internet Registration.
19418,162918,959,Kingsview Park,Sports - Tennis and Table Tennis,Philpott Tennis - Child,Philpott Tennis,"Mon,Tue,Wed,Thu,Fri",Jul-13-2026 to Jul-24-2026,11,0,12,0,https://anc.ca.apm.activecommunities.com/toronto/activity/search/detail/162918?onlineSiteId=0&from_original_cui=true,120,144,Sports,2026-05-26,This course is not presently available for Internet Registration.
19419,162925,959,Kingsview Park,Sports - Tennis and Table Tennis,Philpott Tennis - Child,Philpott Tennis,"Mon,Tue,Wed,Thu,Fri",Jul-27-2026 to Aug-07-2026,11,0,12,0,https://anc.ca.apm.activecommunities.com/toronto/activity/search/detail/162925?onlineSiteId=0&from_original_cui=true,120,144,Sports,2026-05-26,This course is not presently available for Internet Registration.
19420,162928,959,Kingsview Park,Sports - Tennis and Table Tennis,Philpott Tennis - Child,Philpott Tennis,"Mon,Tue,Wed,Thu,Fri",Aug-10-2026 to Aug-14-2026,11,0,12,0,https://anc.ca.apm.activecommunities.com/toronto/activity/search/detail/162928?onlineSiteId=0&from_original_cui=true,120,144,Sports,2026-05-26,This course is not presently available for Internet Registration.
19554,137080,1056,Dennis R. Timbrell Resource Centre,Sports - Tennis and Table Tennis,Tennis: Instructional - Intermediate - Adult,Tennis: Instructional - Intermediate,Tue,Mar-31-2026 to May-26-2026,19,0,20,0,https://anc.ca.apm.activecommunities.com/toronto/activity/search/detail/137080?onlineSiteId=0&from_original_cui=true,228,None,Sports,2026-02-24,This course has started
19562,137096,1056,Dennis R. Timbrell Resource Centre,Sports - Tennis and Table Tennis,Tennis: Instructional - Child,Tennis: Instructional,Sat,Apr-04-2026 to May-30-2026,9,0,10,0,https://anc.ca.apm.activecommunities.com/toronto/activity/search/detail/137096?onlineSiteId=0&from_original_cui=true,72,96,Sports,2026-02-24,This course has started
19563,137097,1056,Dennis R. Timbrell Resource Centre,Sports - Tennis and Table Tennis,Tennis: Instructional - Child,Tennis: Instructional,Sat,Apr-04-2026 to May-30-2026,10,0,11,0,https://anc.ca.apm.activecommunities.com/toronto/activity/search/detail/137097?onlineSiteId=0&from_original_cui=true,108,144,Sports,2026-02-24,This course has started
19564,137098,1056,Dennis R. Timbrell Resource Centre,Sports - Tennis and Table Tennis,Tennis: Recreational - Child,Tennis: Recreational,Sat,Apr-04-2026 to May-30-2026,11,0,12,0,https://anc.ca.apm.activecommunities.com/toronto/activity/search/detail/137098?onlineSiteId=0&from_original_cui=true,72,96,Sports,2026-02-24,This course has started
19565,137099,1056,Dennis R. Timbrell Resource Centre,Sports - Tennis and Table Tennis,Tennis: Recreational - Child,Tennis: Recreational,Sat,Apr-04-2026 to May-30-2026,12,0,13,0,https://anc.ca.apm.activecommunities.com/toronto/activity/search/detail/137099?onlineSiteId=0&from_original_cui=true,108,144,Sports,2026-02-24,This course has started
20014,132437,1078,Ken Cox Community Centre,Sports - Tennis and Table Tennis,Tennis: Instructional - Child,Tennis: Instructional,Mon,Mar-30-2026 to Jun-08-2026,17,0,18,0,https://anc.ca.apm.activecommunities.com/toronto/activity/search/detail/132437?onlineSiteId=0&from_original_cui=true,72,96,Sports,2026-03-03,This course has started
20015,132440,1078,Ken Cox Community Centre,Sports - Tennis and Table Tennis,Tennis: Instructional - Child,Tennis: Instructional,Mon,Mar-30-2026 to Jun-08-2026,18,0,19,0,https://anc.ca.apm.activecommunities.com/toronto/activity/search/detail/132440?onlineSiteId=0&from_original_cui=true,108,144,Sports,2026-03-03,This course has started
20016,132444,1078,Ken Cox Community Centre,Sports - Tennis and Table Tennis,Tennis: Instructional - Adult,Tennis: Instructional,Mon,Mar-30-2026 to Jun-08-2026,19,0,20,0,https://anc.ca.apm.activecommunities.com/toronto/activity/search/detail/132444?onlineSiteId=0&from_original_cui=true,228,None,Sports,2026-03-03,This course has started
20017,132445,1078,Ken Cox Community Centre,Sports - Tennis and Table Tennis,Tennis: Instructional - Adult,Tennis: Instructional,Mon,Mar-30-2026 to Jun-08-2026,20,0,21,0,https://anc.ca.apm.activecommunities.com/toronto/activity/search/detail/132445?onlineSiteId=0&from_original_cui=true,228,None,Sports,2026-03-03,This course has started
20287,128550,1105,Stephen Leacock Community Recreation Centre,Sports - Tennis and Table Tennis,Table Tennis: Recreational - Older Adult,Table Tennis: Recreational,"Mon,Wed,Fri",Mar-30-2026 to Jun-12-2026,8,30,10,30,https://anc.ca.apm.activecommunities.com/toronto/activity/search/detail/128550?onlineSiteId=0&from_original_cui=true,720,None,Sports,2026-02-24,This course has started
20384,146056,1105,Stephen Leacock Community Recreation Centre,Sports - Tennis and Table Tennis,Table Tennis: Recreational - Older Adult,Table Tennis: Recreational,"Mon,Wed,Fri",Mar-30-2026 to May-29-2026,10,45,12,45,https://anc.ca.apm.activecommunities.com/toronto/activity/search/detail/146056?onlineSiteId=0&from_original_cui=true,720,None,Sports,2026-02-24,This course has started
20385,146058,1105,Stephen Leacock Community Recreation Centre,Sports - Tennis and Table Tennis,Table Tennis: Recreational - Older Adult,Table Tennis: Recreational,"Mon,Wed,Fri",Mar-30-2026 to May-29-2026,13,0,15,0,https://anc.ca.apm.activecommunities.com/toronto/activity/search/detail/146058?onlineSiteId=0&from_original_cui=true,720,None,Sports,2026-02-24,This course has started
20735,136146,1132,Bloordale Community School,Sports - Tennis and Table Tennis,Tennis - Private - All Ages,Tennis - Private,Wed,Apr-01-2026 to May-27-2026,17,0,17,30,https://anc.ca.apm.activecommunities.com/toronto/activity/search/detail/136146?onlineSiteId=0&from_original_cui=true,84,None,Sports,2026-03-03,This course has started
20736,136147,1132,Bloordale Community School,Sports - Tennis and Table Tennis,Tennis - Private - All Ages,Tennis - Private,Wed,Apr-01-2026 to May-27-2026,17,30,18,0,https://anc.ca.apm.activecommunities.com/toronto/activity/search/detail/136147?onlineSiteId=0&from_original_cui=true,84,None,Sports,2026-03-03,This course has started
20737,136148,1132,Bloordale Community School,Sports - Tennis and Table Tennis,Tennis - Private - All Ages,Tennis - Private,Wed,Apr-01-2026 to May-27-2026,18,0,18,30,https://anc.ca.apm.activecommunities.com/toronto/activity/search/detail/136148?onlineSiteId=0&from_original_cui=true,84,None,Sports,2026-03-03,This course has started
20738,136150,1132,Bloordale Community School,Sports - Tennis and Table Tennis,Tennis - Private - All Ages,Tennis - Private,Wed,Apr-01-2026 to May-27-2026,18,30,19,0,https://anc.ca.apm.activecommunities.com/toronto/activity/search/detail/136150?onlineSiteId=0&from_original_cui=true,84,None,Sports,2026-03-03,This course has started
20739,136151,1132,Bloordale Community School,Sports - Tennis and Table Tennis,Tennis - Private - All Ages,Tennis - Private,Wed,Apr-01-2026 to May-27-2026,19,0,19,30,https://anc.ca.apm.activecommunities.com/toronto/activity/search/detail/136151?onlineSiteId=0&from_original_cui=true,84,None,Sports,2026-03-03,This course has started
20740,136152,1132,Bloordale Community School,Sports - Tennis and Table Tennis,Tennis - Private - All Ages,Tennis - Private,Wed,Apr-01-2026 to May-27-2026,19,30,20,0,https://anc.ca.apm.activecommunities.com/toronto/activity/search/detail/136152?onlineSiteId=0&from_original_cui=true,84,None,Sports,2026-03-03,This course has started
20741,136153,1132,Bloordale Community School,Sports - Tennis and Table Tennis,Tennis - Private - All Ages,Tennis - Private,Wed,Apr-01-2026 to May-27-2026,20,0,20,30,https://anc.ca.apm.activecommunities.com/toronto/activity/search/detail/136153?onlineSiteId=0&from_original_cui=true,84,None,Sports,2026-03-03,This course has started
20742,136154,1132,Bloordale Community School,Sports - Tennis and Table Tennis,Tennis - Private - All Ages,Tennis - Private,Wed,Apr-01-2026 to May-27-2026,20,30,21,0,https://anc.ca.apm.activecommunities.com/toronto/activity/search/detail/136154?onlineSiteId=0&from_original_cui=true,84,None,Sports,2026-03-03,This course has started
20743,136156,1132,Bloordale Community School,Sports - Tennis and Table Tennis,Tennis: Instructional - Child,Tennis: Instructional,Mon,Mar-30-2026 to Jun-08-2026,17,0,18,0,https://anc.ca.apm.activecommunities.com/toronto/activity/search/detail/136156?onlineSiteId=0&from_original_cui=true,72,96,Sports,2026-03-03,This course has started
20744,136157,1132,Bloordale Community School,Sports - Tennis and Table Tennis,Tennis: Instructional - Child,Tennis: Instructional,Mon,Mar-30-2026 to Jun-08-2026,18,0,19,0,https://anc.ca.apm.activecommunities.com/toronto/activity/search/detail/136157?onlineSiteId=0&from_original_cui=true,108,144,Sports,2026-03-03,This course has started
20745,136158,1132,Bloordale Community School,Sports - Tennis and Table Tennis,Tennis: Instructional - Child,Tennis: Instructional,Tue,Mar-31-2026 to May-26-2026,17,0,18,0,https://anc.ca.apm.activecommunities.com/toronto/activity/search/detail/136158?onlineSiteId=0&from_original_cui=true,72,96,Sports,2026-03-03,This course has started
20746,136159,1132,Bloordale Community School,Sports - Tennis and Table Tennis,Tennis: Instructional - Child,Tennis: Instructional,Tue,Mar-31-2026 to May-26-2026,18,0,19,0,https://anc.ca.apm.activecommunities.com/toronto/activity/search/detail/136159?onlineSiteId=0&from_original_cui=true,108,144,Sports,2026-03-03,This course has started
22001,129038,1236,John English Community School,Sports - Tennis and Table Tennis,Tennis: Instructional - Child,Tennis: Instructional,Mon,Mar-30-2026 to Jun-08-2026,17,30,18,15,https://anc.ca.apm.activecommunities.com/toronto/activity/search/detail/129038?onlineSiteId=0&from_original_cui=true,72,96,Sports,2026-02-24,This course has started
22002,129041,1236,John English Community School,Sports - Tennis and Table Tennis,Tennis: Instructional - Child,Tennis: Instructional,Mon,Mar-30-2026 to Jun-08-2026,18,15,19,0,https://anc.ca.apm.activecommunities.com/toronto/activity/search/detail/129041?onlineSiteId=0&from_original_cui=true,108,144,Sports,2026-02-24,This course has started
22003,129044,1236,John English Community School,Sports - Tennis and Table Tennis,Tennis: Instructional - Youth,Tennis: Instructional,Mon,Mar-30-2026 to Jun-08-2026,19,0,19,45,https://anc.ca.apm.activecommunities.com/toronto/activity/search/detail/129044?onlineSiteId=0&from_original_cui=true,156,192,Sports,2026-02-24,This course has started
22004,129046,1236,John English Community School,Sports - Tennis and Table Tennis,Tennis: Instructional - Adult,Tennis: Instructional,Mon,Mar-30-2026 to Jun-08-2026,19,45,20,45,https://anc.ca.apm.activecommunities.com/toronto/activity/search/detail/129046?onlineSiteId=0&from_original_cui=true,228,None,Sports,2026-02-24,This course has started
22064,129221,1236,John English Community School,Sports - Tennis and Table Tennis,Tennis: Instructional - Child,Tennis: Instructional,Fri,Apr-10-2026 to Jun-05-2026,17,45,18,30,https://anc.ca.apm.activecommunities.com/toronto/activity/search/detail/129221?onlineSiteId=0&from_original_cui=true,72,96,Sports,2026-02-24,This course has started
22065,129222,1236,John English Community School,Sports - Tennis and Table Tennis,Tennis: Instructional - Child,Tennis: Instructional,Fri,Apr-10-2026 to Jun-05-2026,18,30,19,30,https://anc.ca.apm.activecommunities.com/toronto/activity/search/detail/129222?onlineSiteId=0&from_original_cui=true,108,144,Sports,2026-02-24,This course has started
22066,129224,1236,John English Community School,Sports - Tennis and Table Tennis,Tennis: Instructional - Youth,Tennis: Instructional,Fri,Apr-10-2026 to Jun-05-2026,19,30,20,30,https://anc.ca.apm.activecommunities.com/toronto/activity/search/detail/129224?onlineSiteId=0&from_original_cui=true,156,204,Sports,2026-02-24,This course has started
22194,128789,1237,John G. Althouse Community School,Sports - Tennis and Table Tennis,Tennis: Instructional - Child,Tennis: Instructional,Wed,Apr-22-2026 to May-27-2026,18,0,19,0,https://anc.ca.apm.activecommunities.com/toronto/activity/search/detail/128789?onlineSiteId=0&from_original_cui=true,72,120,Sports,2026-03-03,This course has started
22195,128794,1237,John G. Althouse Community School,Sports - Tennis and Table Tennis,Tennis - Private - All Ages,Tennis - Private,Wed,Apr-22-2026 to May-27-2026,19,0,19,30,https://anc.ca.apm.activecommunities.com/toronto/activity/search/detail/128794?onlineSiteId=0&from_original_cui=true,72,None,Sports,2026-03-03,This course has started
22196,128797,1237,John G. Althouse Community School,Sports - Tennis and Table Tennis,Tennis - Private - All Ages,Tennis - Private,Wed,Apr-22-2026 to May-27-2026,19,30,20,0,https://anc.ca.apm.activecommunities.com/toronto/activity/search/detail/128797?onlineSiteId=0&from_original_cui=true,72,None,Sports,2026-03-03,This course has started
22197,128801,1237,John G. Althouse Community School,Sports - Tennis and Table Tennis,Tennis - Private - All Ages,Tennis - Private,Wed,Apr-22-2026 to May-27-2026,20,0,20,30,https://anc.ca.apm.activecommunities.com/toronto/activity/search/detail/128801?onlineSiteId=0&from_original_cui=true,72,None,Sports,2026-03-03,This course has started
22198,128806,1237,John G. Althouse Community School,Sports - Tennis and Table Tennis,Tennis - Private - All Ages,Tennis - Private,Wed,Apr-22-2026 to May-27-2026,20,30,21,0,https://anc.ca.apm.activecommunities.com/toronto/activity/search/detail/128806?onlineSiteId=0&from_original_cui=true,72,None,Sports,2026-03-03,This course has started
22199,128812,1237,John G. Althouse Community School,Sports - Tennis and Table Tennis,Tennis: Instructional - Child,Tennis: Instructional,Sat,Apr-25-2026 to May-30-2026,10,30,11,30,https://anc.ca.apm.activecommunities.com/toronto/activity/search/detail/128812?onlineSiteId=0&from_original_cui=true,72,120,Sports,2026-03-03,This course has started
22200,128814,1237,John G. Althouse Community School,Sports - Tennis and Table Tennis,Tennis - Private - All Ages,Tennis - Private,Sat,Apr-25-2026 to May-30-2026,11,30,12,0,https://anc.ca.apm.activecommunities.com/toronto/activity/search/detail/128814?onlineSiteId=0&from_original_cui=true,72,None,Sports,2026-03-03,This course has started
22201,128818,1237,John G. Althouse Community School,Sports - Tennis and Table Tennis,Tennis - Private - All Ages,Tennis - Private,Sat,Apr-25-2026 to May-30-2026,12,0,12,30,https://anc.ca.apm.activecommunities.com/toronto/activity/search/detail/128818?onlineSiteId=0&from_original_cui=true,72,None,Sports,2026-03-03,This course has started
22202,128819,1237,John G. Althouse Community School,Sports - Tennis and Table Tennis,Tennis - Private - All Ages,Tennis - Private,Sat,Apr-25-2026 to May-30-2026,12,30,13,0,https://anc.ca.apm.activecommunities.com/toronto/activity/search/detail/128819?onlineSiteId=0&from_original_cui=true,72,None,Sports,2026-03-03,This course has started
26045,142603,2831,Davisville Junior Public School,Sports - Tennis and Table Tennis,Tennis: Instructional - Child,Tennis: Instructional,Sat,Apr-04-2026 to May-30-2026,13,30,14,30,https://anc.ca.apm.activecommunities.com/toronto/activity/search/detail/142603?onlineSiteId=0&from_original_cui=true,72,144,Sports,2026-03-03,This course has started
26046,142604,2831,Davisville Junior Public School,Sports - Tennis and Table Tennis,Tennis: Instructional - Adult,Tennis: Instructional,Sat,Apr-04-2026 to May-30-2026,14,30,15,30,https://anc.ca.apm.activecommunities.com/toronto/activity/search/detail/142604?onlineSiteId=0&from_original_cui=true,228,None,Sports,2026-03-03,This course has started
26047,142605,2831,Davisville Junior Public School,Sports - Tennis and Table Tennis,Tennis: Instructional - Adult,Tennis: Instructional,Sat,Apr-04-2026 to May-30-2026,15,30,16,30,https://anc.ca.apm.activecommunities.com/toronto/activity/search/detail/142605?onlineSiteId=0&from_original_cui=true,228,None,Sports,2026-03-03,This course has started
26048,142606,2831,Davisville Junior Public School,Sports - Tennis and Table Tennis,Tennis: Instructional - Adult,Tennis: Instructional,Fri,Apr-10-2026 to Jun-05-2026,18,0,19,0,https://anc.ca.apm.activecommunities.com/toronto/activity/search/detail/142606?onlineSiteId=0&from_original_cui=true,228,None,Sports,2026-03-03,This course has started
26049,142607,2831,Davisville Junior Public School,Sports - Tennis and Table Tennis,Tennis: Instructional - Adult,Tennis: Instructional,Fri,Apr-10-2026 to Jun-05-2026,19,0,20,0,https://anc.ca.apm.activecommunities.com/toronto/activity/search/detail/142607?onlineSiteId=0&from_original_cui=true,228,None,Sports,2026-03-03,This course has started